-- phpMyAdmin SQL Dump
-- version 5.2.1
-- https://www.phpmyadmin.net/
--
-- Host: 127.0.0.1
-- 생성 시간: 26-02-11 06:46
-- 서버 버전: 10.4.32-MariaDB
-- PHP 버전: 8.0.30

SET SQL_MODE = "NO_AUTO_VALUE_ON_ZERO";
START TRANSACTION;
SET time_zone = "+00:00";


/*!40101 SET @OLD_CHARACTER_SET_CLIENT=@@CHARACTER_SET_CLIENT */;
/*!40101 SET @OLD_CHARACTER_SET_RESULTS=@@CHARACTER_SET_RESULTS */;
/*!40101 SET @OLD_COLLATION_CONNECTION=@@COLLATION_CONNECTION */;
/*!40101 SET NAMES utf8mb4 */;

--
-- 데이터베이스: `eatmate`
--

-- --------------------------------------------------------

--
-- 테이블 구조 `admin_users`
--

CREATE TABLE `admin_users` (
  `au_no` int(10) UNSIGNED NOT NULL COMMENT '관리자 번호',
  `au_id` varchar(50) NOT NULL COMMENT '관리자 아이디',
  `au_pw` varchar(255) NOT NULL COMMENT '관리자 비밀번호',
  `au_name` varchar(50) NOT NULL COMMENT '이름',
  `au_pic` varchar(255) DEFAULT 'default-user.png' COMMENT '프로필 사진',
  `au_date` datetime DEFAULT current_timestamp() COMMENT '등록 날짜/시간'
) ENGINE=InnoDB DEFAULT CHARSET=utf8mb4 COLLATE=utf8mb4_unicode_ci;

--
-- 테이블의 덤프 데이터 `admin_users`
--

INSERT INTO `admin_users` (`au_no`, `au_id`, `au_pw`, `au_name`, `au_pic`, `au_date`) VALUES
(1, 'admin', '$2b$10$oQOUSDbOf26VYBQkbV0HnOGFjj1ThE3vQ7LncAH9J.VlSfhEdBF6y', '관리자', 'admin-user_1770625415740.png', '2026-02-09 17:23:35');

-- --------------------------------------------------------

--
-- 테이블 구조 `board_community`
--

CREATE TABLE `board_community` (
  `bc_no` int(10) UNSIGNED NOT NULL COMMENT '자유게시판 게시글 번호',
  `bc_board_cate` varchar(50) NOT NULL DEFAULT 'community' COMMENT '테이블명(카테고리)',
  `bc_user_no` int(10) UNSIGNED NOT NULL COMMENT '회원 번호 (users.u_no)',
  `bc_title` varchar(200) NOT NULL COMMENT '제목',
  `bc_desc` text NOT NULL COMMENT '본문글',
  `bc_heart` int(10) UNSIGNED DEFAULT 0 COMMENT '하트 수',
  `bc_comment` int(10) UNSIGNED DEFAULT 0 COMMENT '댓글 수',
  `bc_date` datetime DEFAULT current_timestamp() COMMENT '등록 날짜/시간'
) ENGINE=InnoDB DEFAULT CHARSET=utf8mb4 COLLATE=utf8mb4_unicode_ci;

--
-- 테이블의 덤프 데이터 `board_community`
--

INSERT INTO `board_community` (`bc_no`, `bc_board_cate`, `bc_user_no`, `bc_title`, `bc_desc`, `bc_heart`, `bc_comment`, `bc_date`) VALUES
(1, 'community', 1, '요즘 핫한 맛집 추천', '최근에 다녀온 맛집 중에 제일 괜찮았던 곳 공유합니다.', 5, 3, '2026-01-11 18:10:00'),
(2, 'community', 2, '혼밥하기 좋은 곳 있나요?', '혼자 가도 눈치 안 보이는 식당 추천 부탁드려요.', 5, 3, '2026-01-12 12:30:00'),
(3, 'community', 3, '동네 숨은 맛집 발견', '우연히 발견한 동네 맛집인데 진짜 맛있어요.', 5, 3, '2026-01-13 19:45:00'),
(4, 'community', 4, '전국 맛집 리스트 공유', '제가 다녀온 맛집들 정리해봤어요.', 4, 3, '2026-01-14 21:00:00'),
(5, 'community', 5, '야식 추천 받습니다', '지금 이 시간에 먹기 좋은 야식 뭐가 있을까요?', 4, 1, '2026-01-15 23:20:00'),
(6, 'community', 6, '카페 투어 후기', '주말에 다녀온 카페 투어 후기 남깁니다.', 3, 1, '2026-01-16 16:40:00'),
(7, 'community', 7, '떡볶이 맛집 논쟁', '여러분이 생각하는 최고의 떡볶이는?', 3, 2, '2026-01-17 18:00:00'),
(8, 'community', 8, '고기 맛집 추천합니다', '고기 좋아하시는 분들 여기 꼭 가보세요.', 3, 2, '2026-01-18 20:10:00'),
(9, 'community', 9, '국밥 어디가 제일 맛있나요?', '국밥 투어 중인데 추천 부탁드려요.', 3, 1, '2026-01-19 07:50:00'),
(10, 'community', 10, '초밥 맛집 질문', '가성비 좋은 초밥집 아시는 분?', 3, 2, '2026-01-20 13:25:00'),
(11, 'community', 1, '맛집 사진 잘 찍는 법', '음식 사진 잘 찍는 팁 공유해요.', 3, 2, '2026-01-21 14:10:00'),
(12, 'community', 2, '혼밥러의 하루', '오늘 혼밥 후기 남깁니다.', 3, 1, '2026-01-22 12:05:00'),
(13, 'community', 3, '단골집 사장님 이야기', '단골집 사장님이 너무 친절하세요.', 3, 1, '2026-01-23 18:30:00'),
(14, 'community', 4, '맛집 원정 다녀왔어요', '멀리 다녀왔지만 후회 없는 선택!', 4, 2, '2026-01-24 20:40:00'),
(15, 'community', 5, '야식 고민 해결', '결국 치킨 먹었습니다.', 4, 1, '2026-01-25 23:55:00');

-- --------------------------------------------------------

--
-- 테이블 구조 `board_meetup`
--

CREATE TABLE `board_meetup` (
  `bm_no` int(10) UNSIGNED NOT NULL COMMENT '탐방 게시글 번호',
  `bm_board_cate` varchar(50) NOT NULL DEFAULT 'meetup' COMMENT '테이블명(카테고리)',
  `bm_user_no` int(10) UNSIGNED NOT NULL COMMENT '회원 번호 (users.u_no)',
  `bm_img` varchar(255) DEFAULT NULL COMMENT '대표 사진',
  `bm_img2` varchar(255) DEFAULT NULL COMMENT '서브 사진 1',
  `bm_img3` varchar(255) DEFAULT NULL COMMENT '서브 사진 2',
  `bm_img4` varchar(255) DEFAULT NULL COMMENT '서브 사진 3',
  `bm_img5` varchar(255) DEFAULT NULL COMMENT '서브 사진 4',
  `bm_title` varchar(200) NOT NULL COMMENT '제목',
  `bm_desc` text NOT NULL COMMENT '본문글',
  `bm_m_date` date NOT NULL COMMENT '탐방 날짜',
  `bm_m_res` varchar(100) NOT NULL COMMENT '탐방 맛집명',
  `bm_m_people` int(10) UNSIGNED DEFAULT 1 COMMENT '신청 인원수',
  `bm_m_people_all` int(10) UNSIGNED NOT NULL COMMENT '정원(전체 인원)',
  `bm_heart` int(10) UNSIGNED DEFAULT 0 COMMENT '하트 수',
  `bm_comment` int(10) UNSIGNED DEFAULT 0 COMMENT '댓글 수',
  `bm_date` datetime DEFAULT current_timestamp() COMMENT '등록 날짜/시간'
) ENGINE=InnoDB DEFAULT CHARSET=utf8mb4 COLLATE=utf8mb4_general_ci;

--
-- 테이블의 덤프 데이터 `board_meetup`
--

INSERT INTO `board_meetup` (`bm_no`, `bm_board_cate`, `bm_user_no`, `bm_img`, `bm_img2`, `bm_img3`, `bm_img4`, `bm_img5`, `bm_title`, `bm_desc`, `bm_m_date`, `bm_m_res`, `bm_m_people`, `bm_m_people_all`, `bm_heart`, `bm_comment`, `bm_date`) VALUES
(1, 'meetup', 1, 'food1.jpg', NULL, NULL, NULL, NULL, '주말 고기 맛집 탐방 같이 가요', '고기 좋아하시는 분들 주말에 같이 맛집 탐방해요.', '2026-02-03', '정육식당 한우집', 3, 5, 6, 4, '2026-01-20 18:10:00'),
(2, 'meetup', 2, 'food2.jpg', NULL, NULL, NULL, NULL, '혼밥러 환영 소규모 모임', '혼자 오셔도 부담 없는 소규모 탐방입니다.', '2026-02-05', '동네 백반집', 2, 4, 6, 4, '2026-01-21 12:40:00'),
(3, 'meetup', 3, 'food3.jpg', NULL, NULL, NULL, NULL, '숨은 맛집 같이 가실 분', '동네 숨은 맛집을 같이 가보려고 합니다.', '2026-02-07', '골목 식당', 4, 6, 7, 4, '2026-01-22 19:30:00'),
(4, 'meetup', 4, 'food4.jpg', NULL, NULL, NULL, NULL, '전국 맛집 원정 1차', '멀지만 정말 유명한 맛집입니다. 함께 가요!', '2026-02-10', '전주 비빔밥 명가', 5, 5, 6, 3, '2026-01-23 21:15:00'),
(5, 'meetup', 5, 'food5.jpg', NULL, NULL, NULL, NULL, '야식 맛집 탐방 모집', '늦은 시간 야식 맛집 탐방입니다.', '2026-02-01', '야식 포장마차', 3, 4, 5, 2, '2026-01-24 23:00:00'),
(6, 'meetup', 6, 'food6.jpg', NULL, NULL, NULL, NULL, '카페 투어 함께 하실 분', '분위기 좋은 카페 위주로 돌아봅니다.', '2026-02-04', '브런치 카페 거리', 4, 6, 6, 2, '2026-01-25 16:50:00'),
(7, 'meetup', 7, 'food7.jpg', NULL, NULL, NULL, NULL, '떡볶이 맛집 투어', '떡볶이 좋아하시는 분들 환영!', '2026-02-06', '즉석 떡볶이집', 5, 6, 6, 2, '2026-01-26 18:20:00'),
(8, 'meetup', 8, 'food8.jpg', NULL, NULL, NULL, NULL, '고기 러버 모임', '고기만 먹습니다. 설명 끝.', '2026-02-08', '숯불구이 전문점', 6, 6, 6, 2, '2026-01-27 20:30:00'),
(9, 'meetup', 9, 'food9.jpg', NULL, NULL, NULL, NULL, '국밥 투어 멤버 모집', '국밥 좋아하시는 분들 같이 가요.', '2026-02-02', '국밥 거리', 3, 5, 7, 2, '2026-01-28 08:10:00'),
(10, 'meetup', 10, 'food10.jpg', NULL, NULL, NULL, NULL, '초밥 맛집 탐방', '가성비 초밥집 탐방 모임입니다.', '2026-02-09', '초밥 전문점', 5, 5, 7, 2, '2026-01-29 13:40:00');

-- --------------------------------------------------------

--
-- 테이블 구조 `board_review`
--

CREATE TABLE `board_review` (
  `br_no` int(10) UNSIGNED NOT NULL COMMENT '리뷰 게시글 번호',
  `br_board_cate` varchar(50) NOT NULL DEFAULT 'review' COMMENT '테이블명(카테고리)',
  `br_user_no` int(10) UNSIGNED NOT NULL COMMENT '회원 번호 (users.u_no)',
  `br_rank` int(11) NOT NULL COMMENT '평점',
  `br_img` varchar(255) DEFAULT NULL COMMENT '대표 사진',
  `br_img2` varchar(255) DEFAULT NULL COMMENT '서브 사진 1',
  `br_img3` varchar(255) DEFAULT NULL COMMENT '서브 사진 2',
  `br_img4` varchar(255) DEFAULT NULL COMMENT '서브 사진 3',
  `br_img5` varchar(255) DEFAULT NULL COMMENT '서브 사진 4',
  `br_desc` text NOT NULL COMMENT '리뷰 본문글',
  `br_rt_no` int(10) UNSIGNED NOT NULL COMMENT '맛집 번호(restaurant.rt_no)',
  `br_heart` int(10) UNSIGNED DEFAULT 0 COMMENT '하트 수',
  `br_comment` int(10) UNSIGNED DEFAULT 0 COMMENT '댓글 수',
  `br_date` datetime DEFAULT current_timestamp() COMMENT '등록 날짜/시간'
) ENGINE=InnoDB DEFAULT CHARSET=utf8mb4 COLLATE=utf8mb4_unicode_ci;

--
-- 테이블의 덤프 데이터 `board_review`
--

INSERT INTO `board_review` (`br_no`, `br_board_cate`, `br_user_no`, `br_rank`, `br_img`, `br_img2`, `br_img3`, `br_img4`, `br_img5`, `br_desc`, `br_rt_no`, `br_heart`, `br_comment`, `br_date`) VALUES
(1, 'review', 1, 5, 'r01.jpg', NULL, NULL, NULL, NULL, '고기 질이 확실히 좋았고 첫 입부터 만족했어요.\n기름이 과하지 않아서 끝까지 깔끔하게 먹었습니다.\n직원분들이 굽기 타이밍도 잘 봐주셔서 편했어요.\n기본 반찬도 신선하고 리필도 빠르게 해주셨고요.\n가격대는 조금 있지만 값어치는 충분했습니다.\n다음엔 다른 부위도 먹으러 재방문할게요.', 91, 4, 3, '2026-01-11 19:10:00'),
(2, 'review', 2, 4, 'r02.jpg', NULL, NULL, NULL, NULL, '혼자 먹기 좋은 분위기라 부담 없었습니다.\n가성비도 괜찮아서 종종 올 듯해요.', 2, 3, 1, '2026-01-12 12:50:00'),
(3, 'review', 3, 5, 'r03.jpg', NULL, NULL, NULL, NULL, '우연히 들어갔는데 기대 이상이라 놀랐어요.\n가게는 크지 않지만 회전이 빨라서 오래 기다리진 않았습니다.\n메뉴판이 단순한데 그게 오히려 자신감 같아서 믿음이 갔고요.\n메인 메뉴 양념이 과하지 않고 재료 맛이 살아있었어요.\n반찬도 하나하나 손맛이 느껴져서 숟가락이 멈추질 않았습니다.\n특히 국/찌개 쪽이 진짜 좋았고, 밥이랑 찰떡이었어요.\n가격이 비싸지 않은데도 퀄리티가 유지되는 게 신기했습니다.\n사장님이 동네 손님들 챙기는 느낌이 따뜻했고요.\n다 먹고 나서도 속이 편해서 더 좋았습니다.\n숨은 맛집으로 저장 완료, 주변에도 추천할게요.', 3, 2, 3, '2026-01-13 20:00:00'),
(4, 'review', 4, 5, 'r04.jpg', NULL, NULL, NULL, NULL, '멀리서 일부러 찾아갔는데 후회가 없었어요.\n한 그릇에 재료가 푸짐하게 들어가서 만족감이 컸고,\n맛의 밸런스가 좋아서 계속 먹게 됩니다.\n관광지 가격 느낌이 아니라 더 좋았어요.\n전주 가면 다시 들를 집으로 확정!', 4, 2, 2, '2026-01-14 21:30:00'),
(5, 'review', 5, 4, 'r05.jpg', NULL, NULL, NULL, NULL, '야식으로 먹기 딱 좋았어요.\n다만 분위기는 호불호가 있을 수 있어요.', 92, 2, 1, '2026-01-15 23:40:00'),
(6, 'review', 6, 4, 'r06.jpg', NULL, NULL, NULL, NULL, '카페 분위기가 아늑해서 사진 찍기 좋았습니다.\n좌석 간격이 넓어서 대화하기에도 편했고요.\n커피 향이 진하고 산미가 강하지 않아 부담이 없었어요.\n디저트도 적당히 달아서 커피랑 잘 맞았습니다.\n주말에는 사람이 많아 보이니 평일 방문 추천!\n다음에는 브런치 메뉴도 도전해보려고요.', 6, 2, 1, '2026-01-16 17:10:00'),
(7, 'review', 7, 5, 'r07.jpg', NULL, NULL, NULL, NULL, '떡볶이 양념이 진짜 매콤달콤 그 자체였습니다.\n면사리 추가하면 국물 맛이 더 살아나요.\n튀김도 눅눅하지 않고 바삭해서 만족했고,\n매운맛 단계 조절이 가능한 점이 좋았어요.\n분식 좋아하면 여기 한 번은 가봐야 합니다.', 7, 2, 2, '2026-01-17 18:40:00'),
(8, 'review', 8, 5, 'r08.jpg', NULL, NULL, NULL, NULL, '고기 좋아하는 사람이라면 무조건 만족할 곳이에요.\n첫 주문부터 고기 상태가 좋아서 기대가 올라갔고,\n불판 관리가 잘 돼서 연기도 과하지 않았습니다.\n직원분들이 필요한 타이밍에 알아서 체크해줘서 편했어요.\n겉은 바삭하고 속은 촉촉하게 구워지는 게 포인트였습니다.\n소금/소스/곁들임이 다양해서 물리지 않았고,\n사이드 메뉴도 허투루 만든 느낌이 아니라 좋았습니다.\n가격은 조금 있지만 양이랑 퀄리티 보면 납득돼요.\n단체로 가도 좋겠고, 데이트로도 무난합니다.\n재방문 의사 100%, 다음엔 친구들 데리고 올게요.', 93, 2, 2, '2026-01-18 20:50:00'),
(9, 'review', 9, 4, 'r09.jpg', NULL, NULL, NULL, NULL, '국밥 국물이 진해서 해장에 최고였습니다.\n양도 넉넉해요.', 9, 2, 1, '2026-01-19 08:20:00'),
(10, 'review', 10, 4, 'r10.jpg', NULL, NULL, NULL, NULL, '가격 대비 퀄리티가 괜찮아서 만족했습니다.\n초밥 밥 양이 과하지 않아서 먹기 편했고,\n회도 비린 맛 없이 깔끔했어요.\n기본 찬 구성도 심플하지만 필요한 건 다 있었고요.\n점심 시간엔 대기 있을 수 있으니 참고하세요.\n가성비 초밥 찾는 분들께 추천합니다.', 10, 2, 2, '2026-01-20 13:50:00'),
(11, 'review', 1, 4, 'r11.jpg', NULL, NULL, NULL, NULL, '두 번째 방문인데도 여전히 만족스러웠어요. 안정적인 맛!', 91, 2, 1, '2026-01-21 19:20:00'),
(12, 'review', 3, 5, 'r12.jpg', NULL, NULL, NULL, NULL, '메뉴 구성이 단순하지만 핵심만 잘 잡은 느낌이에요.\n양도 넉넉하고 가격도 부담스럽지 않았습니다.\n간이 과하지 않아서 누구나 좋아할 맛이고,\n밥이랑 같이 먹으면 계속 들어가요.\n가성비 맛집으로 추천합니다.', 3, 2, 1, '2026-01-22 18:10:00'),
(13, 'review', 11, 4, 'r13.jpg', NULL, NULL, NULL, NULL, '집밥 느낌 제대로라 편안하게 먹었어요.\n반찬이 매일 바뀌는 느낌이라 질리지 않겠더라고요.\n짜지 않고 담백해서 어른들이 좋아할 스타일입니다.\n양이 많진 않지만 구성 자체가 알차고요.\n근처에 있으면 자주 올 것 같은 집이에요.\n다음엔 찌개 메뉴도 먹어보려 합니다.', 11, 2, 1, '2026-01-23 12:10:00'),
(14, 'review', 12, 5, 'r14.jpg', NULL, NULL, NULL, NULL, '국물 한 숟갈 뜨자마자 “아 여기 잘한다” 느낌이 왔어요.\n뚝배기라 끝까지 뜨끈하게 먹을 수 있어서 좋았습니다.\n재료가 아낌없이 들어가서 건더기 푸짐했고,\n밥이랑 같이 먹으면 진짜 든든합니다.\n반찬도 대충 나오는 게 아니라 손맛이 느껴졌어요.\n특히 김치가 과하게 시지 않아서 국물이랑 잘 맞고,\n간이 세지 않아도 깊은 맛이 나서 만족했습니다.\n점심 시간에는 근처 직장인들로 붐비는 편이에요.\n그래도 회전이 빨라서 오래 기다리진 않았습니다.\n다음엔 가족 데리고 와서 다른 정식도 먹어볼게요.', 12, 2, 1, '2026-01-23 18:40:00'),
(15, 'review', 13, 4, 'r15.jpg', NULL, NULL, NULL, NULL, '반찬 종류가 많아서 좋았어요.\n든든한 한 끼였습니다.', 13, 2, 1, '2026-01-24 13:20:00'),
(16, 'review', 14, 4, 'r16.jpg', NULL, NULL, NULL, NULL, '전체적으로 깔끔하고 정갈한 느낌이었습니다.\n음식이 자극적이지 않아서 편하게 먹었고,\n상차림이 보기 좋게 나와서 대접받는 느낌도 있어요.\n부모님 모시고 오기에도 괜찮아 보입니다.\n다음엔 예약하고 방문해볼게요.', 14, 2, 1, '2026-01-24 19:10:00'),
(17, 'review', 15, 5, 'r17.jpg', NULL, NULL, NULL, NULL, '된장찌개가 진짜 밥도둑이었습니다.\n구수한 향이 진하고 건더기도 푸짐했어요.\n반찬이 과하지 않은데도 조합이 좋아서 계속 먹게 됩니다.\n가격 대비 만족도가 높아서 재방문 확정!\n점심 때 가면 사람 많을 수 있으니 시간 조절 추천.\n개인적으로는 두부 추가하면 더 맛있을 듯합니다.', 15, 2, 1, '2026-01-25 12:30:00'),
(18, 'review', 16, 4, 'r18.jpg', NULL, NULL, NULL, NULL, '김치찌개가 진하고 고기도 넉넉해서 만족했어요.', 16, 2, 1, '2026-01-25 18:50:00'),
(19, 'review', 17, 5, 'r19.jpg', NULL, NULL, NULL, NULL, '새벽에 갔는데도 서비스가 안정적이라 좋았습니다.\n국밥 국물은 진하지만 느끼하지 않고 깔끔했어요.\n고기 양도 충분해서 “건더기 없는 국밥” 느낌이 아니었습니다.\n김치/깍두기랑 같이 먹으면 조합이 완성됩니다.\n24시간이라 야근 후 해장용으로도 괜찮겠더라고요.\n테이블 회전이 빨라서 대기 있어도 금방 들어갑니다.\n사이드로 시키는 수육도 생각보다 괜찮았고,\n가격도 부담스럽지 않아 자주 올 듯합니다.\n양이 많아서 배고픈 날 가면 딱이에요.\n다음엔 친구랑 와서 메뉴 여러 개 나눠 먹어볼게요.', 17, 2, 1, '2026-01-26 01:10:00'),
(20, 'review', 18, 4, 'r20.jpg', NULL, NULL, NULL, NULL, '돌솥이라 끝까지 따뜻해서 좋았어요.\n고소한 맛이 강합니다.', 18, 2, 1, '2026-01-26 13:40:00'),
(21, 'review', 19, 4, 'r21.jpg', NULL, NULL, NULL, NULL, '집 근처라 기대 없이 갔는데 생각보다 맛있었습니다.\n메뉴가 부담스럽지 않은 가격대라 자주 올 수 있겠어요.\n간이 세지 않아서 매일 먹어도 질리지 않을 느낌이고,\n반찬도 깔끔하게 나와서 좋았습니다.\n주문 후 음식 나오는 시간도 빠른 편이에요.\n동네 맛집으로 저장해두고 종종 들를게요.', 19, 2, 0, '2026-01-27 18:20:00'),
(22, 'review', 20, 3, 'r22.jpg', NULL, NULL, NULL, NULL, '무난무난한 한식집이에요. 특별하진 않지만 실패도 없습니다.', 20, 2, 0, '2026-01-27 19:30:00'),
(23, 'review', 21, 5, 'r23.jpg', NULL, NULL, NULL, NULL, '고기 질이 일정하게 좋아서 믿고 가는 곳입니다.\n이번에도 육즙이 살아있고 잡내가 거의 없었어요.\n기본 반찬이 깔끔해서 고기 맛을 해치지 않고,\n직원분 응대도 빠르니 단체로 가도 문제 없을 듯합니다.\n가격은 있지만 만족도가 더 큰 편이에요.', 91, 2, 0, '2026-01-28 20:10:00'),
(24, 'review', 22, 4, 'r24.jpg', NULL, NULL, NULL, NULL, '혼밥러에게 최적화된 느낌!\n가볍게 한 끼 해결하기 좋아요.', 2, 2, 0, '2026-01-28 12:00:00'),
(25, 'review', 23, 5, 'r25.jpg', NULL, NULL, NULL, NULL, '여긴 진짜 숨은 맛집 맞아요.\n한 번 먹고 나면 왜 단골이 많은지 바로 이해됩니다.\n양념이 과하지 않아서 끝까지 맛있게 먹었고,\n반찬도 집에서 만든 느낌이라 정감 있었어요.\n가성비가 좋아서 자주 올 것 같습니다.\n다음엔 점심 말고 저녁에 와서 여유 있게 먹어볼게요.', 3, 2, 0, '2026-01-29 19:50:00'),
(26, 'review', 24, 5, 'r26.jpg', NULL, NULL, NULL, NULL, '전주 가면 무조건 여기 들르라고 말하고 싶어요.\n기본기 탄탄한 비빔밥이라 재료 밸런스가 정말 좋습니다.\n고추장 맛이 튀지 않고 고소한 풍미가 살아있어요.\n나물도 숨이 죽지 않고 식감이 살아있어서 좋았고,\n계란과 고기 토핑 조합이 완성도를 높였습니다.\n반찬도 깔끔하게 나오고 리필 요청도 빠르게 대응해주셨어요.\n관광지 느낌 가격이 아니라 더 만족했습니다.\n웨이팅이 있을 수 있지만 회전이 빠른 편이에요.\n매장도 청결해서 가족 여행 때 추천하기 좋아요.\n다음 방문 때는 돌솥 버전도 꼭 먹어보고 싶습니다.', 4, 2, 0, '2026-01-30 13:10:00'),
(27, 'review', 25, 4, 'r27.jpg', NULL, NULL, NULL, NULL, '야식으로 딱이에요.\n늦은 시간에도 사람 많더라고요.', 92, 2, 0, '2026-01-30 23:20:00'),
(28, 'review', 26, 4, 'r28.jpg', NULL, NULL, NULL, NULL, '브런치 메뉴 구성이 생각보다 알찼어요.\n커피도 진해서 같이 먹기 좋았습니다.\n좌석이 편해서 오래 앉아있기에도 괜찮고,\n사진 찍기 좋은 포인트가 많아 만족했어요.\n주말엔 예약하거나 일찍 가는 걸 추천합니다.', 6, 2, 0, '2026-01-31 11:40:00'),
(29, 'review', 27, 5, 'r29.jpg', NULL, NULL, NULL, NULL, '분식 좋아하면 무조건 추천! 양념 맛이 진짜 미쳤어요.', 7, 2, 0, '2026-01-31 18:10:00'),
(30, 'review', 28, 5, 'r30.jpg', NULL, NULL, NULL, NULL, '고기 굽는 맛이 확실히 다르네요.\n숯불 향이 과하지 않으면서도 풍미가 살아있었고,\n겉바속촉으로 구워져서 만족도가 높았습니다.\n사이드도 맛이 좋아서 같이 시키길 추천해요.\n가격대는 있지만 특별한 날 오기 좋습니다.\n다음엔 다른 부위로도 도전해볼게요.', 93, 2, 0, '2026-02-01 20:30:00'),
(31, 'review', 29, 4, 'r31.jpg', NULL, NULL, NULL, NULL, '국밥 좋아하면 만족할 맛이에요.\n든든하게 한 끼 해결했습니다.', 9, 2, 0, '2026-02-01 08:20:00'),
(32, 'review', 30, 4, 'r32.jpg', NULL, NULL, NULL, NULL, '가성비 초밥으로는 충분히 만족했습니다.\n회가 비리지 않고 밥 양도 적당해요.\n기본 찬도 깔끔하게 나오고,\n점심에 가면 사람 많으니 시간대 조절 추천.\n다음엔 다른 세트도 먹어볼게요.', 10, 2, 0, '2026-02-01 13:50:00'),
(33, 'review', 7, 5, 'r33.jpg', NULL, NULL, NULL, NULL, '반찬이 푸짐해서 시작부터 만족했습니다.\n전체적으로 간이 과하지 않고 딱 좋았어요.\n국/찌개도 깊은 맛이 나서 밥이 잘 들어갑니다.\n가격 대비 구성이 훌륭해서 자주 올 듯해요.\n주차가 조금 아쉬울 수 있으니 참고하세요.\n가족끼리 방문해도 좋을 식당입니다.', 13, 2, 0, '2026-02-02 12:20:00'),
(34, 'review', 12, 4, 'r34.jpg', NULL, NULL, NULL, NULL, '된장 향이 구수하고 자극적이지 않아요.\n밥도둑 인정!', 15, 2, 0, '2026-02-02 19:10:00'),
(35, 'review', 18, 4, 'r35.jpg', NULL, NULL, NULL, NULL, '정갈한 한 상이라 대접받는 느낌이 있었어요.\n재료가 신선하고 간이 세지 않아 좋았습니다.\n부모님 모시고 가기에도 무난할 듯하고,\n가게도 깨끗해서 더 만족했어요.\n다음엔 예약하고 편하게 방문해볼게요.', 14, 2, 0, '2026-02-03 13:05:00'),
(36, 'review', 9, 5, 'r36.jpg', NULL, NULL, NULL, NULL, '스시가 전체적으로 신선했고 비린 맛이 거의 없었습니다.\n밥이 질지 않고 적당히 고슬해서 식감이 좋았어요.\n간장/와사비도 과하지 않게 제공되어 조절하기 편했고,\n샤리 크기가 너무 크지 않아서 여러 개 먹기 좋았습니다.\n런치 구성도 괜찮아 보였고, 다음에는 런치로 와볼 생각이에요.\n직원분들이 메뉴 설명을 친절하게 해주셔서 처음 가도 편했습니다.\n대기 줄이 생기긴 하지만 회전이 빨라서 금방 들어갔어요.\n좌석도 깔끔하게 관리되고 있어서 위생적으로 안심됐습니다.\n가격은 조금 있지만 퀄리티 생각하면 납득 가능해요.\n특별한 날 재방문해도 좋을 집입니다.', 21, 2, 0, '2026-02-03 18:40:00'),
(37, 'review', 21, 4, 'r37.jpg', NULL, NULL, NULL, NULL, '국물 진하고 면도 탱글해서 만족.\n개인적으로는 차슈가 특히 맛있었어요.', 22, 2, 0, '2026-02-04 12:30:00'),
(38, 'review', 4, 4, 'r38.jpg', NULL, NULL, NULL, NULL, '돈카츠가 바삭하고 고기 잡내가 없었습니다.\n소스가 너무 달지 않아서 좋았고,\n밥/샐러드 구성도 기본 이상이에요.\n양이 많아 배부르게 먹었습니다.\n근처에 있으면 종종 들를 것 같아요.', 24, 2, 0, '2026-02-04 19:20:00'),
(39, 'review', 15, 4, 'r39.jpg', NULL, NULL, NULL, NULL, '불맛이 살아있는 중식이라 만족했습니다.\n볶음밥이 기름지지 않고 고슬하게 잘 볶아져서 좋았고,\n짜장/짬뽕도 간이 과하지 않아 먹기 편했어요.\n재료가 넉넉해서 한 그릇 먹고 나면 든든합니다.\n점심 피크에는 붐빌 수 있으니 일찍 가는 걸 추천.\n가성비 중식 찾으면 여기 괜찮아요.', 33, 2, 0, '2026-02-05 13:10:00'),
(40, 'review', 27, 5, 'r40.jpg', NULL, NULL, NULL, NULL, '마라 향이 너무 세지 않고 적당해서 입문자도 괜찮을 듯해요.\n재료 선택 폭이 넓어서 취향대로 조합하기 좋았습니다.\n국물에서 잡내가 안 나고 깔끔하게 매운맛이라 만족했고,\n면/야채/고기 모두 신선하게 관리되는 느낌이었어요.\n맵기 단계가 잘 나뉘어 있어서 조절도 쉽고요.\n소스바가 잘 되어 있어 디핑해서 먹는 재미도 있었습니다.\n양이 많아서 두 명이 나눠 먹어도 충분하겠더라고요.\n가격은 선택 재료에 따라 달라지지만 납득 가능했습니다.\n매장도 깨끗하고 환기가 잘 돼서 냄새가 덜 배어요.\n다음엔 다른 토핑 조합으로 또 먹어볼게요.', 34, 2, 0, '2026-02-05 19:05:00'),
(41, 'review', 2, 4, 'r41.jpg', NULL, NULL, NULL, NULL, '딤섬이 촉촉하고 종류도 다양합니다.\n차랑 같이 먹기 좋았어요.', 36, 1, 0, '2026-02-06 12:40:00'),
(42, 'review', 10, 5, 'r42.jpg', NULL, NULL, NULL, NULL, '스테이크 굽기가 딱 원하는 정도로 나와서 좋았습니다.\n겉은 바삭하고 속은 촉촉해서 육즙이 살아있었어요.\n소스가 과하게 달지 않아 고기 맛을 잘 살려주고,\n사이드도 대충 만든 느낌이 아니라 만족도가 높았습니다.\n가격대는 있지만 특별한 날엔 충분히 가치 있어요.\n다음엔 다른 부위로도 먹어보고 싶습니다.', 42, 1, 0, '2026-02-06 20:10:00'),
(43, 'review', 23, 4, 'r43.jpg', NULL, NULL, NULL, NULL, '파스타 면이 잘 익어서 식감 좋고 소스도 깔끔했어요.', 44, 1, 0, '2026-02-07 18:10:00'),
(44, 'review', 6, 4, 'r44.jpg', NULL, NULL, NULL, NULL, '수제버거 패티가 두툼해서 한 입부터 만족했습니다.\n번이 눅눅하지 않고 고소해서 좋았고,\n감자튀김도 바삭하게 나와서 같이 먹기 좋았어요.\n소스가 과하지 않아 끝까지 물리지 않았습니다.\n재방문해서 다른 메뉴도 먹어보려고요.', 48, 1, 0, '2026-02-07 12:20:00'),
(45, 'review', 5, 5, 'r45.jpg', NULL, NULL, NULL, NULL, '양념이 진짜 중독적이에요.\n다 먹고 나서도 계속 생각나는 맛!', 51, 2, 0, '2026-02-08 18:30:00'),
(46, 'review', 17, 4, 'r46.jpg', NULL, NULL, NULL, NULL, '튀김이 바삭하고 기름 냄새가 심하지 않았어요.\n모둠 구성도 다양해서 골라 먹는 재미가 있습니다.\n떡볶이랑 같이 먹으면 조합이 완성되고,\n간이 과하지 않아 부담이 없었습니다.\n양이 넉넉해서 친구랑 나눠 먹기 좋아요.\n다음엔 다른 메뉴도 같이 시켜볼게요.', 55, 2, 0, '2026-02-08 19:10:00'),
(47, 'review', 1, 4, 'r47.jpg', NULL, NULL, NULL, NULL, '떡튀순 세트는 언제나 정답… 여기 구성 괜찮아요.', 59, 1, 0, '2026-02-09 12:10:00'),
(48, 'review', 14, 4, 'r48.jpg', NULL, NULL, NULL, NULL, '라떼가 부드럽고 밸런스가 좋아서 만족했습니다.\n좌석이 편해서 노트북 작업하기도 괜찮고,\n음악 볼륨도 적당해서 오래 머물기 좋았어요.\n디저트도 함께 주문하면 조합이 괜찮습니다.\n근처 들를 때 재방문할게요.', 62, 1, 0, '2026-02-09 15:20:00'),
(49, 'review', 29, 5, 'r49.jpg', NULL, NULL, NULL, NULL, '드립 향이 좋아서 커피만으로도 만족했어요.\n작업하기도 괜찮습니다.', 65, 1, 0, '2026-02-10 11:05:00'),
(50, 'review', 20, 5, 'r50.jpg', NULL, NULL, NULL, NULL, '수제 케이크라 그런지 크림이 느끼하지 않고 깔끔했습니다.\n시트가 퍽퍽하지 않고 촉촉해서 식감이 좋았고요.\n단맛이 과하지 않아 커피랑 같이 먹기 딱이었습니다.\n조각 케이크 크기도 적당해서 여러 개 맛보기 좋았어요.\n매장 분위기가 아늑해서 오래 앉아 있어도 편했습니다.\n포장도 깔끔하게 해줘서 선물용으로도 괜찮겠더라고요.\n직원분 응대도 친절해서 기분 좋게 나왔습니다.\n가격은 조금 있지만 퀄리티 생각하면 납득돼요.\n다음엔 다른 시즌 메뉴도 먹어보고 싶습니다.\n디저트 좋아하는 분들이면 만족할 확률 높아요.', 71, 1, 0, '2026-02-10 16:40:00'),
(51, 'review', 3, 4, 'r51.jpg', NULL, NULL, NULL, NULL, '마카롱 꼬끄가 쫀득해서 식감이 좋았습니다.\n필링이 너무 달지 않아 여러 개 먹어도 부담이 덜했고,\n맛 종류도 다양해서 고르는 재미가 있어요.\n보관 방법 안내도 잘 되어 있어 초보도 편했습니다.\n선물용으로도 무난해서 종종 살 것 같아요.\n다음엔 다른 맛 조합으로 사보려고요.', 72, 1, 0, '2026-02-11 14:15:00'),
(52, 'review', 25, 4, 'r52.jpg', NULL, NULL, NULL, NULL, '여러 나라 메뉴를 한 번에 즐길 수 있어서 좋았어요.\n전체적으로 무난한 맛이라 호불호가 적을 듯하고,\n좌석이 넓어서 모임으로 가기 괜찮습니다.\n가격대도 과하지 않아 부담이 덜했고요.\n다음엔 다른 메뉴 조합으로 다시 먹어볼게요.', 86, 1, 0, '2026-02-11 18:10:00');

-- --------------------------------------------------------

--
-- 테이블 구조 `bookmark`
--

CREATE TABLE `bookmark` (
  `bk_no` int(11) NOT NULL COMMENT '북마크 번호',
  `bk_user_no` int(10) UNSIGNED NOT NULL COMMENT '회원 번호 (users.u_no)',
  `bk_rt_no` int(10) UNSIGNED NOT NULL COMMENT '맛집 번호 (restaurant.rt_no)',
  `bk_date` datetime NOT NULL DEFAULT current_timestamp() COMMENT '북마크 등록일'
) ENGINE=InnoDB DEFAULT CHARSET=utf8mb4 COLLATE=utf8mb4_general_ci COMMENT='맛집 북마크 테이블';

-- --------------------------------------------------------

--
-- 테이블 구조 `comment`
--

CREATE TABLE `comment` (
  `ct_no` int(10) UNSIGNED NOT NULL COMMENT '댓글 번호',
  `ct_user_no` int(10) UNSIGNED NOT NULL COMMENT '회원 번호 (users.u_no)',
  `ct_board_cate` varchar(30) NOT NULL COMMENT '게시판 카테고리 (review/meetup/community 등)',
  `ct_board_no` int(10) UNSIGNED NOT NULL COMMENT '게시물 번호',
  `ct_desc` text NOT NULL COMMENT '댓글 본문글',
  `ct_date` datetime DEFAULT current_timestamp() COMMENT '등록 날짜/시간'
) ENGINE=InnoDB DEFAULT CHARSET=utf8mb4 COLLATE=utf8mb4_unicode_ci;

--
-- 테이블의 덤프 데이터 `comment`
--

INSERT INTO `comment` (`ct_no`, `ct_user_no`, `ct_board_cate`, `ct_board_no`, `ct_desc`, `ct_date`) VALUES
(1, 2, 'community', 1, '저도 그 집 가봤는데 괜찮더라구요!', '2026-01-11 19:00:00'),
(2, 3, 'community', 1, '추천 감사합니다. 리스트에 추가했어요.', '2026-01-11 19:10:00'),
(3, 1, 'community', 2, '혼밥하기 좋은 곳 진짜 중요하죠.', '2026-01-12 12:45:00'),
(4, 4, 'community', 2, '백반집 추천드려요!', '2026-01-12 13:00:00'),
(5, 5, 'community', 3, '이런 정보 너무 좋아요.', '2026-01-13 20:00:00'),
(6, 6, 'community', 3, '숨은 맛집 최고죠.', '2026-01-13 20:15:00'),
(7, 7, 'community', 4, '정리 감사합니다. 저장했어요.', '2026-01-14 21:20:00'),
(8, 8, 'community', 4, '와… 리스트 엄청나네요.', '2026-01-14 21:40:00'),
(9, 3, 'meetup', 1, '이 모임 아직 자리 있나요?', '2026-01-20 19:00:00'),
(10, 5, 'meetup', 1, '고기라면 무조건 참여합니다!', '2026-01-20 19:10:00'),
(11, 1, 'meetup', 2, '소규모라서 좋네요.', '2026-01-21 13:00:00'),
(12, 4, 'meetup', 2, '혼자 가도 괜찮을까요?', '2026-01-21 13:10:00'),
(13, 6, 'meetup', 3, '여기 저도 가보고 싶었어요.', '2026-01-22 20:00:00'),
(14, 7, 'meetup', 3, '시간 맞으면 참여할게요.', '2026-01-22 20:15:00'),
(15, 8, 'meetup', 4, '원정까지 가는 모임 멋지네요.', '2026-01-23 21:30:00'),
(16, 2, 'review', 1, '사진만 봐도 맛있어 보이네요.', '2026-01-11 20:00:00'),
(17, 4, 'review', 1, '가격대는 어떤가요?', '2026-01-11 20:10:00'),
(18, 1, 'review', 3, '이 집 진짜 인정입니다.', '2026-01-13 20:20:00'),
(19, 5, 'review', 3, '가성비 좋아 보이네요.', '2026-01-13 20:30:00'),
(20, 6, 'review', 4, '전주 가면 꼭 가야겠어요.', '2026-01-14 21:50:00'),
(21, 7, 'review', 7, '떡볶이 사진 보고 바로 저장했습니다.', '2026-01-17 19:00:00'),
(22, 9, 'review', 8, '고기 상태가 진짜 좋아 보이네요.', '2026-01-18 21:00:00'),
(23, 10, 'review', 10, '가성비 중요하죠 👍', '2026-01-20 14:00:00'),
(24, 11, 'community', 5, '저는 야식이면 무조건 떡볶이요 ㅋㅋ', '2026-01-16 00:10:00'),
(25, 12, 'community', 6, '카페 투어 코스 공유해주시면 따라가볼게요!', '2026-01-16 17:05:00'),
(26, 13, 'community', 7, '떡볶이는 맵달이 진리… 반박 불가', '2026-01-17 18:20:00'),
(27, 14, 'community', 8, '고기집 정보 감사합니다. 주말에 가볼게요!', '2026-01-18 20:40:00'),
(28, 15, 'community', 9, '국밥은 깍두기 맛도 중요하죠 ㅎㅎ', '2026-01-19 08:05:00'),
(29, 16, 'community', 10, '초밥은 점심 런치가 가성비 최고!', '2026-01-20 14:10:00'),
(30, 17, 'community', 11, '사진 각도 팁 더 있나요? 접사 어렵더라구요', '2026-01-21 15:30:00'),
(31, 18, 'community', 12, '혼밥 후기 공감… 저도 오늘 혼밥했습니다', '2026-01-22 12:25:00'),
(32, 19, 'community', 13, '단골집은 사장님 친절이 반 이상이죠', '2026-01-23 18:50:00'),
(33, 20, 'community', 14, '원정 맛집은 교통이 문제인데… 차로 가셨어요?', '2026-01-24 21:05:00'),
(34, 21, 'community', 15, '치킨이 답이죠… 야식 고민 끝', '2026-01-26 00:05:00'),
(35, 22, 'community', 1, '핫한 집이면 웨이팅은 어느 정도였나요?', '2026-01-11 19:25:00'),
(36, 23, 'community', 2, '혼밥 추천 리스트 있으면 저도 공유 부탁드려요!', '2026-01-12 13:15:00'),
(37, 24, 'community', 3, '숨은 맛집 제보 감사합니다. 저장!', '2026-01-13 20:45:00'),
(38, 25, 'community', 4, '전국 리스트라니… 정리 능력 대박입니다', '2026-01-14 22:00:00'),
(39, 26, 'community', 7, '저는 밀떡派… 여러분은 쌀떡派?', '2026-01-17 18:35:00'),
(40, 27, 'community', 8, '고기 좋아하는데 메뉴 추천도 부탁드려요!', '2026-01-18 21:10:00'),
(41, 28, 'community', 10, '가성비 초밥집은 결국 동네가 최고더라구요', '2026-01-20 15:05:00'),
(42, 29, 'community', 11, '음식 사진은 자연광이 진짜 중요하더라구요', '2026-01-21 16:20:00'),
(43, 30, 'community', 14, '원정 가면 근처 카페도 같이 코스로 추천해주세요!', '2026-01-24 21:25:00'),
(44, 11, 'meetup', 1, '정육식당이면 부위는 뭐로 갈까요? 기대됩니다!', '2026-01-20 19:25:00'),
(45, 12, 'meetup', 1, '혹시 집합 장소 따로 있나요?', '2026-01-20 19:40:00'),
(46, 13, 'meetup', 2, '혼자 참여해도 괜찮다니 완전 좋네요!', '2026-01-21 13:20:00'),
(47, 14, 'meetup', 2, '모임 시간은 몇 시쯤인가요?', '2026-01-21 13:35:00'),
(48, 15, 'meetup', 3, '골목 식당이면 메뉴 추천 좀 해주세요!', '2026-01-22 20:25:00'),
(49, 16, 'meetup', 3, '정원 아직 남아있나요? 신청하고 싶어요', '2026-01-22 20:40:00'),
(50, 17, 'meetup', 4, '전주 원정은 당일치기인가요? 1박인가요?', '2026-01-23 21:45:00'),
(51, 18, 'meetup', 4, '비빔밥집이면 웨이팅 길지 않을까요?', '2026-01-23 22:10:00'),
(52, 19, 'meetup', 5, '야식 포장마차… 분위기 좋을 듯 ㅋㅋ', '2026-01-24 23:20:00'),
(53, 20, 'meetup', 5, '늦은 시간 안전하게 모이는 장소 알려주세요!', '2026-01-24 23:35:00'),
(54, 21, 'meetup', 6, '브런치 카페 거리 코스가 궁금해요!', '2026-01-25 17:10:00'),
(55, 22, 'meetup', 6, '카페 투어는 주로 대중교통으로 이동하나요?', '2026-01-25 17:25:00'),
(56, 23, 'meetup', 7, '떡볶이 투어면 맵기 단계는 어느 정도인가요?', '2026-01-26 18:40:00'),
(57, 24, 'meetup', 7, '면사리/튀김 필수죠… 다들 동의?', '2026-01-26 18:55:00'),
(58, 25, 'meetup', 8, '고기 러버 모임ㅋㅋ 회비는 어떻게 되나요?', '2026-01-27 20:50:00'),
(59, 26, 'meetup', 8, '정원 6명 꽉 찼던데 대기 신청도 받나요?', '2026-01-27 21:05:00'),
(60, 27, 'meetup', 9, '국밥 거리면 어디 라인이 제일 유명해요?', '2026-01-28 08:30:00'),
(61, 28, 'meetup', 9, '해장 겸 참여하고 싶습니다 ㅎㅎ', '2026-01-28 08:50:00'),
(62, 29, 'meetup', 10, '초밥 탐방이면 1인당 예산 어느 정도 잡으면 될까요?', '2026-01-29 14:05:00'),
(63, 30, 'meetup', 10, '가성비 초밥이면 런치로 가는 게 좋겠네요!', '2026-01-29 14:20:00'),
(64, 11, 'review', 1, '고기 윤기 미쳤네요… 사진만 봐도 배고파요', '2026-01-11 20:25:00'),
(65, 12, 'review', 2, '혼밥 분위기 좋다니 바로 저장!', '2026-01-12 13:05:00'),
(66, 13, 'review', 3, '반찬 구성 좋은 집은 무조건 믿고 갑니다', '2026-01-13 20:55:00'),
(67, 14, 'review', 4, '전주 비빔밥은 역시… 나물 식감이 핵심이죠', '2026-01-14 22:05:00'),
(68, 15, 'review', 5, '야식으로 최고인데 위생은 어땠나요?', '2026-01-16 00:20:00'),
(69, 16, 'review', 6, '카페는 좌석 간격 넓은 게 진짜 중요하더라구요', '2026-01-16 17:30:00'),
(70, 17, 'review', 7, '매콤달콤… 글 읽다가 침 고였어요', '2026-01-17 19:15:00'),
(71, 18, 'review', 8, '단체로 가도 괜찮다니 모임 장소로 딱이네요', '2026-01-18 21:15:00'),
(72, 19, 'review', 9, '국밥 국물 진하면 밥 말아먹는 맛이죠', '2026-01-19 09:10:00'),
(73, 20, 'review', 10, '초밥은 샤리 크기가 적당한 게 최고!', '2026-01-20 14:25:00'),
(74, 21, 'review', 11, '재방문 후기 믿음 갑니다. 안정적인 맛 최고', '2026-01-21 19:45:00'),
(75, 22, 'review', 12, '가성비 맛집은 메뉴 단순한 곳이 찐이죠', '2026-01-22 18:35:00'),
(76, 23, 'review', 13, '집밥 느낌 한식 너무 좋아요. 반찬이 생명!', '2026-01-23 12:35:00'),
(77, 24, 'review', 14, '뚝배기라 끝까지 뜨겁다니 완전 제 취향', '2026-01-23 19:05:00'),
(78, 25, 'review', 15, '반찬 많으면 행복… 다음 메뉴도 궁금해요', '2026-01-24 13:45:00'),
(79, 26, 'review', 16, '부모님 모시고 가기 좋아 보이네요!', '2026-01-24 19:35:00'),
(80, 27, 'review', 17, '된장찌개 구수하면 밥 두 공기 가능', '2026-01-25 13:10:00'),
(81, 28, 'review', 18, '김치찌개는 고기 양이 중요하죠. 사진도 궁금!', '2026-01-25 19:15:00'),
(82, 29, 'review', 19, '24시간 국밥집이면 야근러에게 축복이네요', '2026-01-26 01:35:00'),
(83, 30, 'review', 20, '돌솥은 마지막 누룽지가 킥인데… 누룽지 나왔나요?', '2026-01-26 14:05:00');

-- --------------------------------------------------------

--
-- 테이블 구조 `heart`
--

CREATE TABLE `heart` (
  `ht_no` int(10) UNSIGNED NOT NULL COMMENT '하트 번호',
  `ht_user_no` int(10) UNSIGNED NOT NULL COMMENT '회원 번호 (users.u_no)',
  `ht_board_cate` varchar(50) NOT NULL COMMENT '게시판 카테고리(review/meetup/community)',
  `ht_board_no` int(10) UNSIGNED NOT NULL COMMENT '게시물 번호',
  `ht_date` datetime DEFAULT current_timestamp() COMMENT '등록 날짜/시간'
) ENGINE=InnoDB DEFAULT CHARSET=utf8mb4 COLLATE=utf8mb4_unicode_ci COMMENT='게시판 하트(좋아요)';

--
-- 테이블의 덤프 데이터 `heart`
--

INSERT INTO `heart` (`ht_no`, `ht_user_no`, `ht_board_cate`, `ht_board_no`, `ht_date`) VALUES
(1, 1, 'review', 1, '2026-01-31 10:12:00'),
(2, 2, 'review', 1, '2026-01-31 10:15:30'),
(3, 3, 'review', 2, '2026-01-31 11:02:10'),
(4, 4, 'review', 3, '2026-01-31 11:10:00'),
(5, 1, 'meetup', 1, '2026-01-31 12:20:00'),
(6, 2, 'meetup', 2, '2026-01-31 12:25:40'),
(7, 5, 'meetup', 3, '2026-01-31 13:45:00'),
(8, 6, 'community', 1, '2026-01-31 14:30:00'),
(9, 7, 'community', 2, '2026-01-31 14:31:10'),
(10, 8, 'community', 3, '2026-01-31 15:10:00'),
(11, 2, 'review', 2, '2026-02-01 09:01:00'),
(12, 3, 'review', 3, '2026-02-01 09:02:00'),
(13, 4, 'review', 4, '2026-02-01 09:03:00'),
(14, 5, 'review', 5, '2026-02-01 09:04:00'),
(15, 6, 'review', 6, '2026-02-01 09:05:00'),
(16, 7, 'review', 7, '2026-02-01 09:06:00'),
(17, 8, 'review', 8, '2026-02-01 09:07:00'),
(18, 9, 'review', 9, '2026-02-01 09:08:00'),
(19, 10, 'review', 10, '2026-02-01 09:09:00'),
(20, 11, 'review', 11, '2026-02-01 09:10:00'),
(21, 12, 'review', 12, '2026-02-01 09:11:00'),
(22, 13, 'review', 13, '2026-02-01 09:12:00'),
(23, 14, 'review', 14, '2026-02-01 09:13:00'),
(24, 15, 'review', 15, '2026-02-01 09:14:00'),
(25, 16, 'review', 16, '2026-02-01 09:15:00'),
(26, 17, 'review', 17, '2026-02-01 09:16:00'),
(27, 18, 'review', 18, '2026-02-01 09:17:00'),
(28, 19, 'review', 19, '2026-02-01 09:18:00'),
(29, 20, 'review', 20, '2026-02-01 09:19:00'),
(30, 21, 'review', 21, '2026-02-01 09:20:00'),
(31, 22, 'review', 22, '2026-02-01 09:21:00'),
(32, 23, 'review', 23, '2026-02-01 09:22:00'),
(33, 24, 'review', 24, '2026-02-01 09:23:00'),
(34, 25, 'review', 25, '2026-02-01 09:24:00'),
(35, 1, 'review', 26, '2026-02-01 09:25:00'),
(36, 2, 'review', 27, '2026-02-01 09:26:00'),
(37, 3, 'review', 28, '2026-02-01 09:27:00'),
(38, 4, 'review', 29, '2026-02-01 09:28:00'),
(39, 5, 'review', 30, '2026-02-01 09:29:00'),
(40, 6, 'review', 31, '2026-02-01 09:30:00'),
(41, 7, 'review', 32, '2026-02-01 09:31:00'),
(42, 8, 'review', 33, '2026-02-01 09:32:00'),
(43, 9, 'review', 34, '2026-02-01 09:33:00'),
(44, 10, 'review', 35, '2026-02-01 09:34:00'),
(45, 11, 'review', 36, '2026-02-01 09:35:00'),
(46, 12, 'review', 37, '2026-02-01 09:36:00'),
(47, 13, 'review', 38, '2026-02-01 09:37:00'),
(48, 14, 'review', 39, '2026-02-01 09:38:00'),
(49, 15, 'review', 40, '2026-02-01 09:39:00'),
(50, 16, 'review', 41, '2026-02-01 09:40:00'),
(51, 17, 'review', 42, '2026-02-01 09:41:00'),
(52, 18, 'review', 43, '2026-02-01 09:42:00'),
(53, 19, 'review', 44, '2026-02-01 09:43:00'),
(54, 20, 'review', 45, '2026-02-01 09:44:00'),
(55, 21, 'review', 46, '2026-02-01 09:45:00'),
(56, 22, 'review', 47, '2026-02-01 09:46:00'),
(57, 23, 'review', 48, '2026-02-01 09:47:00'),
(58, 24, 'review', 49, '2026-02-01 09:48:00'),
(59, 25, 'review', 50, '2026-02-01 09:49:00'),
(60, 3, 'meetup', 3, '2026-02-01 10:02:00'),
(61, 4, 'meetup', 4, '2026-02-01 10:03:00'),
(62, 5, 'meetup', 5, '2026-02-01 10:04:00'),
(63, 6, 'meetup', 6, '2026-02-01 10:05:00'),
(64, 7, 'meetup', 7, '2026-02-01 10:06:00'),
(65, 8, 'meetup', 8, '2026-02-01 10:07:00'),
(66, 9, 'meetup', 9, '2026-02-01 10:08:00'),
(67, 10, 'meetup', 10, '2026-02-01 10:09:00'),
(68, 1, 'meetup', 2, '2026-02-01 10:10:00'),
(69, 2, 'meetup', 3, '2026-02-01 10:11:00'),
(70, 3, 'meetup', 4, '2026-02-01 10:12:00'),
(71, 4, 'meetup', 5, '2026-02-01 10:13:00'),
(72, 5, 'meetup', 6, '2026-02-01 10:14:00'),
(73, 6, 'meetup', 7, '2026-02-01 10:15:00'),
(74, 7, 'meetup', 8, '2026-02-01 10:16:00'),
(75, 8, 'meetup', 9, '2026-02-01 10:17:00'),
(76, 9, 'meetup', 10, '2026-02-01 10:18:00'),
(77, 10, 'meetup', 1, '2026-02-01 10:19:00'),
(78, 11, 'meetup', 1, '2026-02-01 10:20:00'),
(79, 12, 'meetup', 2, '2026-02-01 10:21:00'),
(80, 13, 'meetup', 3, '2026-02-01 10:22:00'),
(81, 14, 'meetup', 4, '2026-02-01 10:23:00'),
(82, 15, 'meetup', 5, '2026-02-01 10:24:00'),
(83, 16, 'meetup', 6, '2026-02-01 10:25:00'),
(84, 17, 'meetup', 7, '2026-02-01 10:26:00'),
(85, 18, 'meetup', 8, '2026-02-01 10:27:00'),
(86, 19, 'meetup', 9, '2026-02-01 10:28:00'),
(87, 20, 'meetup', 10, '2026-02-01 10:29:00'),
(88, 1, 'community', 1, '2026-02-01 11:00:00'),
(89, 2, 'community', 2, '2026-02-01 11:01:00'),
(90, 3, 'community', 3, '2026-02-01 11:02:00'),
(91, 4, 'community', 4, '2026-02-01 11:03:00'),
(92, 5, 'community', 5, '2026-02-01 11:04:00'),
(93, 6, 'community', 6, '2026-02-01 11:05:00'),
(94, 7, 'community', 7, '2026-02-01 11:06:00'),
(95, 8, 'community', 8, '2026-02-01 11:07:00'),
(96, 9, 'community', 9, '2026-02-01 11:08:00'),
(97, 10, 'community', 10, '2026-02-01 11:09:00'),
(98, 11, 'community', 11, '2026-02-01 11:10:00'),
(99, 12, 'community', 12, '2026-02-01 11:11:00'),
(100, 13, 'community', 13, '2026-02-01 11:12:00'),
(101, 14, 'community', 14, '2026-02-01 11:13:00'),
(102, 15, 'community', 15, '2026-02-01 11:14:00'),
(103, 16, 'community', 1, '2026-02-01 11:15:00'),
(104, 17, 'community', 2, '2026-02-01 11:16:00'),
(105, 18, 'community', 3, '2026-02-01 11:17:00'),
(106, 19, 'community', 4, '2026-02-01 11:18:00'),
(107, 20, 'community', 5, '2026-02-01 11:19:00'),
(108, 28, 'community', 11, '2026-02-03 09:25:19'),
(109, 29, 'community', 4, '2026-02-03 09:28:58'),
(110, 30, 'community', 15, '2026-02-03 09:32:33'),
(111, 7, 'review', 1, '2026-02-01 09:03:12'),
(112, 12, 'review', 2, '2026-02-01 09:07:45'),
(113, 19, 'review', 4, '2026-02-01 09:14:33'),
(114, 25, 'review', 5, '2026-02-01 09:18:50'),
(115, 1, 'review', 6, '2026-02-01 09:22:11'),
(116, 14, 'review', 7, '2026-02-01 09:25:39'),
(117, 9, 'review', 8, '2026-02-01 09:29:05'),
(118, 28, 'review', 9, '2026-02-01 09:33:17'),
(119, 6, 'review', 10, '2026-02-01 09:36:44'),
(120, 18, 'review', 11, '2026-02-01 09:40:02'),
(121, 22, 'review', 12, '2026-02-01 09:43:28'),
(122, 4, 'review', 13, '2026-02-01 09:47:53'),
(123, 30, 'review', 14, '2026-02-01 09:51:07'),
(124, 11, 'review', 15, '2026-02-01 09:55:36'),
(125, 2, 'review', 16, '2026-02-01 09:58:59'),
(126, 16, 'review', 17, '2026-02-01 10:02:21'),
(127, 8, 'review', 18, '2026-02-01 10:06:10'),
(128, 27, 'review', 19, '2026-02-01 10:09:42'),
(129, 5, 'review', 20, '2026-02-01 10:13:18'),
(130, 20, 'review', 21, '2026-02-01 10:16:55'),
(131, 10, 'review', 22, '2026-02-01 10:20:09'),
(132, 29, 'review', 23, '2026-02-01 10:23:47'),
(133, 13, 'review', 24, '2026-02-01 10:27:03'),
(134, 24, 'review', 25, '2026-02-01 10:30:26'),
(135, 15, 'review', 26, '2026-02-01 10:34:14'),
(136, 26, 'review', 27, '2026-02-01 10:37:41'),
(137, 17, 'review', 28, '2026-02-01 10:41:05'),
(138, 21, 'review', 29, '2026-02-01 10:44:39'),
(139, 23, 'review', 30, '2026-02-01 10:48:12'),
(140, 9, 'review', 31, '2026-02-01 10:52:08'),
(141, 1, 'review', 32, '2026-02-01 10:55:31'),
(142, 12, 'review', 33, '2026-02-01 10:59:02'),
(143, 4, 'review', 34, '2026-02-01 11:02:40'),
(144, 18, 'review', 35, '2026-02-01 11:06:18'),
(145, 7, 'review', 36, '2026-02-01 11:09:55'),
(146, 25, 'review', 37, '2026-02-01 11:13:22'),
(147, 2, 'review', 38, '2026-02-01 11:16:49'),
(148, 16, 'review', 39, '2026-02-01 11:20:11'),
(149, 30, 'review', 40, '2026-02-01 11:23:37'),
(150, 1, 'meetup', 3, '2026-02-01 12:01:09'),
(151, 2, 'meetup', 7, '2026-02-01 12:05:44'),
(152, 3, 'meetup', 1, '2026-02-01 12:09:20'),
(153, 4, 'meetup', 9, '2026-02-01 12:13:58'),
(154, 6, 'meetup', 2, '2026-02-01 12:21:06'),
(155, 7, 'meetup', 10, '2026-02-01 12:24:49'),
(156, 8, 'meetup', 6, '2026-02-01 12:28:13'),
(157, 9, 'meetup', 4, '2026-02-01 12:32:02'),
(158, 10, 'meetup', 8, '2026-02-01 12:35:41'),
(159, 12, 'meetup', 5, '2026-02-01 12:42:57'),
(160, 13, 'meetup', 9, '2026-02-01 12:46:25'),
(161, 14, 'meetup', 2, '2026-02-01 12:50:04'),
(162, 15, 'meetup', 6, '2026-02-01 12:53:33'),
(163, 16, 'meetup', 10, '2026-02-01 12:57:12'),
(164, 17, 'meetup', 3, '2026-02-01 13:00:48'),
(165, 18, 'meetup', 7, '2026-02-01 13:04:19'),
(166, 19, 'meetup', 4, '2026-02-01 13:08:01'),
(167, 20, 'meetup', 8, '2026-02-01 13:11:35'),
(168, 21, 'meetup', 2, '2026-02-02 09:02:14'),
(169, 22, 'meetup', 6, '2026-02-02 09:06:39'),
(170, 23, 'meetup', 10, '2026-02-02 09:10:05'),
(171, 24, 'meetup', 3, '2026-02-02 09:14:44'),
(172, 25, 'meetup', 7, '2026-02-02 09:18:23'),
(173, 26, 'meetup', 1, '2026-02-02 09:22:11'),
(174, 27, 'meetup', 9, '2026-02-02 09:25:57'),
(175, 28, 'meetup', 4, '2026-02-02 09:29:32'),
(176, 29, 'meetup', 8, '2026-02-02 09:33:18'),
(177, 30, 'meetup', 5, '2026-02-02 09:36:50'),
(178, 1, 'community', 11, '2026-02-02 10:01:07'),
(179, 2, 'community', 4, '2026-02-02 10:04:39'),
(180, 3, 'community', 15, '2026-02-02 10:08:18'),
(181, 4, 'community', 2, '2026-02-02 10:11:55'),
(182, 5, 'community', 9, '2026-02-02 10:15:21'),
(183, 6, 'community', 13, '2026-02-02 10:18:47'),
(184, 7, 'community', 6, '2026-02-02 10:22:12'),
(185, 8, 'community', 1, '2026-02-02 10:25:46'),
(186, 9, 'community', 12, '2026-02-02 10:29:03'),
(187, 10, 'community', 8, '2026-02-02 10:32:34'),
(188, 11, 'community', 3, '2026-02-02 10:36:11'),
(189, 12, 'community', 14, '2026-02-02 10:39:40'),
(190, 13, 'community', 7, '2026-02-02 10:43:09'),
(191, 14, 'community', 5, '2026-02-02 10:46:55'),
(192, 15, 'community', 10, '2026-02-02 10:50:22'),
(193, 16, 'community', 2, '2026-02-02 10:54:06'),
(194, 17, 'community', 9, '2026-02-02 10:57:41'),
(195, 18, 'community', 13, '2026-02-02 11:01:15'),
(196, 19, 'community', 6, '2026-02-02 11:04:58'),
(197, 20, 'community', 1, '2026-02-02 11:08:33'),
(198, 21, 'community', 12, '2026-02-03 09:00:12'),
(199, 22, 'community', 8, '2026-02-03 09:03:49'),
(200, 23, 'community', 3, '2026-02-03 09:07:20'),
(201, 24, 'community', 14, '2026-02-03 09:10:55'),
(202, 25, 'community', 7, '2026-02-03 09:14:34'),
(203, 26, 'community', 5, '2026-02-03 09:18:07'),
(204, 27, 'community', 10, '2026-02-03 09:21:46');

-- --------------------------------------------------------

--
-- 테이블 구조 `meetup_join`
--

CREATE TABLE `meetup_join` (
  `mj_no` int(10) UNSIGNED NOT NULL,
  `bm_no` int(10) UNSIGNED NOT NULL,
  `u_no` int(10) UNSIGNED NOT NULL,
  `created_at` datetime DEFAULT current_timestamp()
) ENGINE=InnoDB DEFAULT CHARSET=utf8mb4 COLLATE=utf8mb4_general_ci;

-- --------------------------------------------------------

--
-- 테이블 구조 `restaurant`
--

CREATE TABLE `restaurant` (
  `rt_no` int(10) UNSIGNED NOT NULL COMMENT '맛집 번호',
  `rt_img` varchar(255) NOT NULL COMMENT '대표 사진',
  `rt_img2` varchar(255) DEFAULT NULL COMMENT '서브 사진 1',
  `rt_img3` varchar(255) DEFAULT NULL COMMENT '서브 사진 2',
  `rt_img4` varchar(255) DEFAULT NULL COMMENT '서브 사진 3',
  `rt_img5` varchar(255) DEFAULT NULL COMMENT '서브 사진 4',
  `rt_name` varchar(100) NOT NULL COMMENT '맛집명',
  `rt_desc` text NOT NULL COMMENT '소개 / 본문글',
  `rt_rank` decimal(2,1) DEFAULT 0.0 COMMENT '평균 평점',
  `rt_review` int(10) UNSIGNED DEFAULT 0 COMMENT '총 리뷰 수',
  `rt_cate` varchar(50) NOT NULL COMMENT '맛집 카테고리',
  `rt_location` varchar(100) NOT NULL COMMENT '위치 (00시 00구 00동)',
  `rt_tel` varchar(20) DEFAULT NULL COMMENT '전화번호',
  `rt_map` varchar(255) DEFAULT NULL COMMENT '길찾기 URL (카카오맵)',
  `rt_date` datetime DEFAULT current_timestamp() COMMENT '등록 날짜/시간'
) ENGINE=InnoDB DEFAULT CHARSET=utf8mb4 COLLATE=utf8mb4_unicode_ci;

--
-- 테이블의 덤프 데이터 `restaurant`
--

INSERT INTO `restaurant` (`rt_no`, `rt_img`, `rt_img2`, `rt_img3`, `rt_img4`, `rt_img5`, `rt_name`, `rt_desc`, `rt_rank`, `rt_review`, `rt_cate`, `rt_location`, `rt_tel`, `rt_map`, `rt_date`) VALUES
(2, 'rt02.jpg', NULL, NULL, NULL, NULL, '동네 백반집', '혼밥도 편한 백반/정식 위주의 든든한 한 끼를 제공하는 곳입니다.', 4.0, 2, '한식', '서울시 마포구 합정동', '02-1000-0002', NULL, '2026-01-21 12:35:00'),
(3, 'rt03.jpg', NULL, NULL, NULL, NULL, '골목 식당', '동네 숨은 맛집 스타일로 반찬 구성과 가성비가 좋은 식당입니다.', 5.0, 3, '한식', '서울시 성동구 성수동', '02-1000-0003', NULL, '2026-01-22 19:25:00'),
(4, 'rt04.jpg', NULL, NULL, NULL, NULL, '전주 비빔밥 명가', '전주 스타일 비빔밥을 제대로 즐길 수 있는 대표 메뉴 중심의 맛집입니다.', 5.0, 2, '한식', '전북 전주시 완산구', '063-1000-0004', NULL, '2026-01-23 21:05:00'),
(6, 'rt06.jpg', NULL, NULL, NULL, NULL, '브런치 카페 거리', '브런치와 커피를 함께 즐길 수 있는 감성 카페/브런치 라인업이 좋은 곳입니다.', 4.0, 2, '카페', '서울시 서초구 반포동', '02-1000-0006', NULL, '2026-01-25 16:45:00'),
(7, 'rt07.jpg', NULL, NULL, NULL, NULL, '즉석 떡볶이집', '즉석 떡볶이 특유의 매콤달콤한 맛을 즐길 수 있는 분식 맛집입니다.', 5.0, 2, '분식', '서울시 종로구 혜화동', '02-1000-0007', NULL, '2026-01-26 18:15:00'),
(9, 'rt09.jpg', NULL, NULL, NULL, NULL, '국밥 거리', '진한 국물의 국밥을 든든하게 즐길 수 있는 국밥 전문 라인업이 있는 곳입니다.', 4.0, 2, '한식', '부산시 부산진구 서면', '051-1000-0009', NULL, '2026-01-28 08:05:00'),
(10, 'rt10.jpg', NULL, NULL, NULL, NULL, '초밥 전문점', '가성비 좋은 초밥 구성과 깔끔한 맛으로 만족도가 높은 초밥집입니다.', 4.0, 2, '일식', '서울시 중구 명동', '02-1000-0010', NULL, '2026-01-29 13:35:00'),
(11, 'rt11.jpg', NULL, NULL, NULL, NULL, '할머니 손맛 식당', '집밥 같은 한식을 제공하는 식당', 4.0, 1, '한식', '서울시 종로구 익선동', '02-2000-0001', NULL, '2026-01-27 11:53:47'),
(12, 'rt12.jpg', NULL, NULL, NULL, NULL, '뚝배기 정식집', '뚝배기 위주의 든든한 한식', 5.0, 1, '한식', '서울시 마포구 연남동', '02-2000-0002', NULL, '2026-01-27 11:53:47'),
(13, 'rt13.jpg', NULL, NULL, NULL, NULL, '시골밥상', '반찬이 푸짐한 백반집', 4.5, 2, '한식', '서울시 강서구 화곡동', '02-2000-0003', NULL, '2026-01-27 11:53:47'),
(14, 'rt14.jpg', NULL, NULL, NULL, NULL, '한상차림', '정갈한 상차림이 특징', 4.0, 2, '한식', '서울시 서대문구 홍제동', '02-2000-0004', NULL, '2026-01-27 11:53:47'),
(15, 'rt15.jpg', NULL, NULL, NULL, NULL, '된장마을', '구수한 된장찌개 전문', 4.5, 2, '한식', '서울시 성동구 성수동', '02-2000-0005', NULL, '2026-01-27 11:53:47'),
(16, 'rt16.jpg', NULL, NULL, NULL, NULL, '김치명가', '김치찌개 전문점', 4.0, 1, '한식', '서울시 동대문구 회기동', '02-2000-0006', NULL, '2026-01-27 11:53:47'),
(17, 'rt17.jpg', NULL, NULL, NULL, NULL, '국밥사랑', '24시간 국밥집', 5.0, 1, '한식', '부산시 부산진구 서면', '051-2000-0007', NULL, '2026-01-27 11:53:47'),
(18, 'rt18.jpg', NULL, NULL, NULL, NULL, '돌솥비빔', '돌솥비빔밥 전문', 4.0, 1, '한식', '전주시 완산구', '063-2000-0008', NULL, '2026-01-27 11:53:47'),
(19, 'rt19.jpg', NULL, NULL, NULL, NULL, '고향식당', '집밥 감성 한식', 4.0, 1, '한식', '대구시 수성구', '053-2000-0009', NULL, '2026-01-27 11:53:47'),
(20, 'rt20.jpg', NULL, NULL, NULL, NULL, '한식부엌', '깔끔한 한식 메뉴', 3.0, 1, '한식', '서울시 노원구 공릉동', '02-2000-0010', NULL, '2026-01-27 11:53:47'),
(21, 'rt21.jpg', NULL, NULL, NULL, NULL, '사쿠라 스시', '신선한 초밥 전문점', 5.0, 1, '일식', '서울시 강남구 논현동', '02-3000-0001', NULL, '2026-01-27 11:53:47'),
(22, 'rt22.jpg', NULL, NULL, NULL, NULL, '라멘공방', '진한 국물의 일본 라멘', 4.0, 1, '일식', '서울시 마포구 합정동', '02-3000-0002', NULL, '2026-01-27 11:53:47'),
(23, 'rt23.jpg', NULL, NULL, NULL, NULL, '우동집', '수타 우동 전문', 0.0, 0, '일식', '서울시 용산구 이태원', '02-3000-0003', NULL, '2026-01-27 11:53:47'),
(24, 'rt24.jpg', NULL, NULL, NULL, NULL, '가츠하우스', '돈카츠 전문점', 4.0, 1, '일식', '서울시 송파구 잠실동', '02-3000-0004', NULL, '2026-01-27 11:53:47'),
(25, 'rt25.jpg', NULL, NULL, NULL, NULL, '오마카세진', '오마카세 코스 제공', 0.0, 0, '일식', '서울시 강남구 청담동', '02-3000-0005', NULL, '2026-01-27 11:53:47'),
(26, 'rt26.jpg', NULL, NULL, NULL, NULL, '텐동야', '바삭한 텐동 전문', 0.0, 0, '일식', '서울시 영등포구 문래동', '02-3000-0006', NULL, '2026-01-27 11:53:47'),
(27, 'rt27.jpg', NULL, NULL, NULL, NULL, '스시노미', '가성비 초밥집', 0.0, 0, '일식', '서울시 동작구 사당동', '02-3000-0007', NULL, '2026-01-27 11:53:47'),
(28, 'rt28.jpg', NULL, NULL, NULL, NULL, '이자카야밤', '술안주 위주 일식', 0.0, 0, '일식', '서울시 중구 을지로', '02-3000-0008', NULL, '2026-01-27 11:53:47'),
(29, 'rt29.jpg', NULL, NULL, NULL, NULL, '카레하우스', '일본식 카레 전문', 0.0, 0, '일식', '서울시 관악구 봉천동', '02-3000-0009', NULL, '2026-01-27 11:53:47'),
(30, 'rt30.jpg', NULL, NULL, NULL, NULL, '스시마루', '동네 초밥집', 0.0, 0, '일식', '서울시 광진구 구의동', '02-3000-0010', NULL, '2026-01-27 11:53:47'),
(31, 'rt31.jpg', NULL, NULL, NULL, NULL, '중화반점', '전통 중식당', 0.0, 0, '중식', '서울시 중구 신당동', '02-4000-0001', NULL, '2026-01-27 11:53:47'),
(32, 'rt32.jpg', NULL, NULL, NULL, NULL, '짜장면집', '짜장면 전문', 0.0, 0, '중식', '서울시 동대문구 답십리', '02-4000-0002', NULL, '2026-01-27 11:53:47'),
(33, 'rt33.jpg', NULL, NULL, NULL, NULL, '홍콩반점', '불맛 중식', 4.0, 1, '중식', '서울시 강서구 마곡동', '02-4000-0003', NULL, '2026-01-27 11:53:47'),
(34, 'rt34.jpg', NULL, NULL, NULL, NULL, '마라천국', '마라 요리 전문', 5.0, 1, '중식', '서울시 성북구 안암동', '02-4000-0004', NULL, '2026-01-27 11:53:47'),
(35, 'rt35.jpg', NULL, NULL, NULL, NULL, '양꼬치왕', '양꼬치 전문', 0.0, 0, '중식', '서울시 구로구 가산동', '02-4000-0005', NULL, '2026-01-27 11:53:47'),
(36, 'rt36.jpg', NULL, NULL, NULL, NULL, '딤섬가든', '딤섬 전문점', 4.0, 1, '중식', '서울시 강남구 삼성동', '02-4000-0006', NULL, '2026-01-27 11:53:47'),
(37, 'rt37.jpg', NULL, NULL, NULL, NULL, '차이나하우스', '코스 중식', 0.0, 0, '중식', '서울시 서초구 반포동', '02-4000-0007', NULL, '2026-01-27 11:53:47'),
(38, 'rt38.jpg', NULL, NULL, NULL, NULL, '마라탕집', '마라탕 위주', 0.0, 0, '중식', '서울시 노원구 상계동', '02-4000-0008', NULL, '2026-01-27 11:53:47'),
(39, 'rt39.jpg', NULL, NULL, NULL, NULL, '훠궈천국', '훠궈 전문', 0.0, 0, '중식', '서울시 용산구 한남동', '02-4000-0009', NULL, '2026-01-27 11:53:47'),
(40, 'rt40.jpg', NULL, NULL, NULL, NULL, '중식포차', '중식 안주집', 0.0, 0, '중식', '서울시 금천구 독산동', '02-4000-0010', NULL, '2026-01-27 11:53:47'),
(41, 'rt41.jpg', NULL, NULL, NULL, NULL, '이탈리안 키친', '파스타와 피자가 주력인 이탈리안 레스토랑', 0.0, 0, '양식', '서울시 강남구 신사동', '02-5000-0001', NULL, '2026-01-27 11:53:47'),
(42, 'rt42.jpg', NULL, NULL, NULL, NULL, '스테이크하우스', '숙성 스테이크 전문', 5.0, 1, '양식', '서울시 서초구 반포동', '02-5000-0002', NULL, '2026-01-27 11:53:47'),
(43, 'rt43.jpg', NULL, NULL, NULL, NULL, '브런치테이블', '브런치 메뉴가 인기', 0.0, 0, '양식', '서울시 마포구 상수동', '02-5000-0003', NULL, '2026-01-27 11:53:47'),
(44, 'rt44.jpg', NULL, NULL, NULL, NULL, '파스타룸', '수제 파스타 전문점', 4.0, 1, '양식', '서울시 용산구 한남동', '02-5000-0004', NULL, '2026-01-27 11:53:47'),
(45, 'rt45.jpg', NULL, NULL, NULL, NULL, '피자마켓', '화덕 피자 맛집', 0.0, 0, '양식', '서울시 광진구 건대입구', '02-5000-0005', NULL, '2026-01-27 11:53:47'),
(46, 'rt46.jpg', NULL, NULL, NULL, NULL, '그릴앤바', '그릴 요리와 와인', 0.0, 0, '양식', '서울시 중구 을지로', '02-5000-0006', NULL, '2026-01-27 11:53:47'),
(47, 'rt47.jpg', NULL, NULL, NULL, NULL, '샐러드팩토리', '건강식 샐러드 전문', 0.0, 0, '양식', '서울시 송파구 문정동', '02-5000-0007', NULL, '2026-01-27 11:53:47'),
(48, 'rt48.jpg', NULL, NULL, NULL, NULL, '버거스팟', '수제버거 전문점', 4.0, 1, '양식', '서울시 성동구 성수동', '02-5000-0008', NULL, '2026-01-27 11:53:47'),
(49, 'rt49.jpg', NULL, NULL, NULL, NULL, '와인비스트로', '와인과 양식 안주', 0.0, 0, '양식', '서울시 종로구 삼청동', '02-5000-0009', NULL, '2026-01-27 11:53:47'),
(50, 'rt50.jpg', NULL, NULL, NULL, NULL, '크림파스타집', '크림 파스타 특화', 0.0, 0, '양식', '서울시 동작구 흑석동', '02-5000-0010', NULL, '2026-01-27 11:53:47'),
(51, 'rt51.jpg', NULL, NULL, NULL, NULL, '국민떡볶이', '매콤달콤 떡볶이', 5.0, 1, '분식', '서울시 종로구 혜화동', '02-6000-0001', NULL, '2026-01-27 11:53:47'),
(52, 'rt52.jpg', NULL, NULL, NULL, NULL, '김밥천국', '김밥과 분식 종합', 0.0, 0, '분식', '서울시 마포구 망원동', '02-6000-0002', NULL, '2026-01-27 11:53:47'),
(53, 'rt53.jpg', NULL, NULL, NULL, NULL, '분식연구소', '즉석 분식 전문', 0.0, 0, '분식', '서울시 노원구 공릉동', '02-6000-0003', NULL, '2026-01-27 11:53:47'),
(54, 'rt54.jpg', NULL, NULL, NULL, NULL, '라볶이집', '라볶이 특화', 0.0, 0, '분식', '서울시 강서구 화곡동', '02-6000-0004', NULL, '2026-01-27 11:53:47'),
(55, 'rt55.jpg', NULL, NULL, NULL, NULL, '튀김골목', '튀김 모둠 인기', 4.0, 1, '분식', '서울시 동대문구 제기동', '02-6000-0005', NULL, '2026-01-27 11:53:47'),
(56, 'rt56.jpg', NULL, NULL, NULL, NULL, '순대마을', '순대국/순대', 0.0, 0, '분식', '서울시 영등포구 신길동', '02-6000-0006', NULL, '2026-01-27 11:53:47'),
(57, 'rt57.jpg', NULL, NULL, NULL, NULL, '어묵바', '부산식 어묵', 0.0, 0, '분식', '부산시 해운대구', '051-6000-0007', NULL, '2026-01-27 11:53:47'),
(58, 'rt58.jpg', NULL, NULL, NULL, NULL, '컵밥스토리', '컵밥 전문', 0.0, 0, '분식', '서울시 관악구 신림동', '02-6000-0008', NULL, '2026-01-27 11:53:47'),
(59, 'rt59.jpg', NULL, NULL, NULL, NULL, '떡튀순집', '떡튀순 세트', 4.0, 1, '분식', '서울시 중랑구 면목동', '02-6000-0009', NULL, '2026-01-27 11:53:47'),
(60, 'rt60.jpg', NULL, NULL, NULL, NULL, '야시장분식', '포장마차 감성', 0.0, 0, '분식', '서울시 중구 명동', '02-6000-0010', NULL, '2026-01-27 11:53:47'),
(61, 'rt61.jpg', NULL, NULL, NULL, NULL, '모닝커피', '테이크아웃 전문 카페', 0.0, 0, '카페', '서울시 강남구 역삼동', '02-7000-0001', NULL, '2026-01-27 11:53:47'),
(62, 'rt62.jpg', NULL, NULL, NULL, NULL, '라떼하우스', '라떼 메뉴 특화', 4.0, 1, '카페', '서울시 마포구 연남동', '02-7000-0002', NULL, '2026-01-27 11:53:47'),
(63, 'rt63.jpg', NULL, NULL, NULL, NULL, '루프탑카페', '뷰가 좋은 카페', 0.0, 0, '카페', '서울시 용산구 이태원', '02-7000-0003', NULL, '2026-01-27 11:53:47'),
(64, 'rt64.jpg', NULL, NULL, NULL, NULL, '빈스토리', '원두 전문 카페', 0.0, 0, '카페', '서울시 성동구 성수동', '02-7000-0004', NULL, '2026-01-27 11:53:47'),
(65, 'rt65.jpg', NULL, NULL, NULL, NULL, '브루잉랩', '핸드드립 전문', 5.0, 1, '카페', '서울시 서초구 방배동', '02-7000-0005', NULL, '2026-01-27 11:53:47'),
(66, 'rt66.jpg', NULL, NULL, NULL, NULL, '노트북카페', '작업하기 좋은 카페', 0.0, 0, '카페', '서울시 관악구 봉천동', '02-7000-0006', NULL, '2026-01-27 11:53:47'),
(67, 'rt67.jpg', NULL, NULL, NULL, NULL, '빈앤밀크', '디저트 카페', 0.0, 0, '카페', '서울시 동작구 사당동', '02-7000-0007', NULL, '2026-01-27 11:53:47'),
(68, 'rt68.jpg', NULL, NULL, NULL, NULL, '골목카페', '조용한 동네 카페', 0.0, 0, '카페', '서울시 은평구 연신내', '02-7000-0008', NULL, '2026-01-27 11:53:47'),
(69, 'rt69.jpg', NULL, NULL, NULL, NULL, '커피연구소', '스페셜티 커피', 0.0, 0, '카페', '서울시 종로구 서촌', '02-7000-0009', NULL, '2026-01-27 11:53:47'),
(70, 'rt70.jpg', NULL, NULL, NULL, NULL, '카페하루', '감성 카페', 0.0, 0, '카페', '서울시 중랑구 망우동', '02-7000-0010', NULL, '2026-01-27 11:53:47'),
(71, 'rt71.jpg', NULL, NULL, NULL, NULL, '케이크공방', '수제 케이크 전문', 5.0, 1, '디저트', '서울시 마포구 상수동', '02-8000-0001', NULL, '2026-01-27 11:53:47'),
(72, 'rt72.jpg', NULL, NULL, NULL, NULL, '마카롱샵', '마카롱 전문', 4.0, 1, '디저트', '서울시 강남구 청담동', '02-8000-0002', NULL, '2026-01-27 11:53:47'),
(73, 'rt73.jpg', NULL, NULL, NULL, NULL, '디저트하우스', '디저트 종합 카페', 0.0, 0, '디저트', '서울시 송파구 잠실동', '02-8000-0003', NULL, '2026-01-27 11:53:47'),
(74, 'rt74.jpg', NULL, NULL, NULL, NULL, '티라미수집', '티라미수 특화', 0.0, 0, '디저트', '서울시 성북구 성신여대', '02-8000-0004', NULL, '2026-01-27 11:53:47'),
(75, 'rt75.jpg', NULL, NULL, NULL, NULL, '크로플바', '크로플 전문', 0.0, 0, '디저트', '서울시 동대문구 회기동', '02-8000-0005', NULL, '2026-01-27 11:53:47'),
(76, 'rt76.jpg', NULL, NULL, NULL, NULL, '푸딩샵', '푸딩 전문 디저트', 0.0, 0, '디저트', '서울시 노원구 중계동', '02-8000-0006', NULL, '2026-01-27 11:53:47'),
(77, 'rt77.jpg', NULL, NULL, NULL, NULL, '빙수연구소', '수제 빙수', 0.0, 0, '디저트', '서울시 강서구 마곡동', '02-8000-0007', NULL, '2026-01-27 11:53:47'),
(78, 'rt78.jpg', NULL, NULL, NULL, NULL, '초코팩토리', '초콜릿 전문', 0.0, 0, '디저트', '서울시 광진구 건대', '02-8000-0008', NULL, '2026-01-27 11:53:47'),
(79, 'rt79.jpg', NULL, NULL, NULL, NULL, '베이커리로드', '빵집 겸 디저트', 0.0, 0, '디저트', '서울시 중구 충무로', '02-8000-0009', NULL, '2026-01-27 11:53:47'),
(80, 'rt80.jpg', NULL, NULL, NULL, NULL, '수플레집', '수플레 팬케이크', 0.0, 0, '디저트', '서울시 종로구 북촌', '02-8000-0010', NULL, '2026-01-27 11:53:47'),
(81, 'rt81.jpg', NULL, NULL, NULL, NULL, '푸드코트A', '다양한 메뉴 한곳에', 0.0, 0, '기타', '서울시 영등포구 여의도', '02-9000-0001', NULL, '2026-01-27 11:53:47'),
(82, 'rt82.jpg', NULL, NULL, NULL, NULL, '야시장푸드', '야시장 스타일 음식', 0.0, 0, '기타', '서울시 중구 명동', '02-9000-0002', NULL, '2026-01-27 11:53:47'),
(83, 'rt83.jpg', NULL, NULL, NULL, NULL, '비건키친', '비건 전문 식당', 0.0, 0, '기타', '서울시 마포구 공덕동', '02-9000-0003', NULL, '2026-01-27 11:53:47'),
(84, 'rt84.jpg', NULL, NULL, NULL, NULL, '푸드트럭존', '푸드트럭 모음', 0.0, 0, '기타', '서울시 강남구 삼성동', '02-9000-0004', NULL, '2026-01-27 11:53:47'),
(85, 'rt85.jpg', NULL, NULL, NULL, NULL, '질할브로스 연남점', '잡내 없이 신선한 고기와 특별한 소스', 0.0, 0, '기타', '서울 마포구 동교동', '0507-1406-1422', NULL, '2026-01-27 11:53:47'),
(86, 'rt86.jpg', NULL, NULL, NULL, NULL, '글로벌푸드', '세계 음식 모음', 4.0, 1, '기타', '서울시 종로구 인사동', '02-9000-0006', NULL, '2026-01-27 11:53:47'),
(87, 'rt87.jpg', NULL, NULL, NULL, NULL, '홈쿠킹샵', '가정식 스타일', 0.0, 0, '기타', '서울시 은평구 불광동', '02-9000-0007', NULL, '2026-01-27 11:53:47'),
(88, 'rt88.jpg', NULL, NULL, NULL, NULL, '무국적식당', '퓨전 음식', 0.0, 0, '기타', '서울시 성남시 분당', '031-9000-0008', NULL, '2026-01-27 11:53:47'),
(89, 'rt89.jpg', NULL, NULL, NULL, NULL, '푸드라운지', '복합 음식 공간', 0.0, 0, '기타', '서울시 송파구 석촌', '02-9000-0009', NULL, '2026-01-27 11:53:47'),
(90, 'rt90.jpg', NULL, NULL, NULL, NULL, '캐주얼다이닝', '편한 분위기 식당', 0.0, 0, '기타', '서울시 강동구 천호동', '02-9000-0010', NULL, '2026-01-27 11:53:47'),
(91, 'rt91.jpg', NULL, NULL, NULL, NULL, '정육식당 한우집', '한우 정육식당 스타일로 품질 좋은 고기와 다양한 곁들임을 즐길 수 있는 곳입니다.', 4.7, 3, '한식', '서울시 강남구 역삼동', '02-9100-0091', NULL, '2026-01-27 11:53:47'),
(92, 'rt92.jpg', NULL, NULL, NULL, NULL, '야식 포장마차', '늦은 시간에도 간단한 안주와 야식을 즐길 수 있는 포장마차 감성의 맛집입니다.', 4.0, 2, '분식', '서울시 중구 명동', '02-9200-0092', NULL, '2026-01-27 11:53:47'),
(93, 'rt93.jpg', NULL, NULL, NULL, NULL, '숯불구이 전문점', '숯불 향이 살아있는 고기구이를 메인으로 즐길 수 있는 구이 전문점입니다.', 5.0, 2, '한식', '서울시 성동구 성수동', '02-9300-0093', NULL, '2026-01-27 11:53:47');

-- --------------------------------------------------------

--
-- 테이블 구조 `users`
--

CREATE TABLE `users` (
  `u_no` int(10) UNSIGNED NOT NULL COMMENT '회원 번호',
  `u_id` varchar(50) NOT NULL COMMENT '아이디',
  `u_pw` varchar(255) NOT NULL COMMENT '비밀번호',
  `u_nick` varchar(50) NOT NULL COMMENT '닉네임',
  `u_desc` text DEFAULT NULL COMMENT '내 소개글',
  `u_pic` varchar(255) DEFAULT 'default-user.png' COMMENT '프로필 사진',
  `u_badge` varchar(20) DEFAULT 'normal' COMMENT '뱃지(vip, gold 등)',
  `u_date` datetime DEFAULT current_timestamp() COMMENT '등록 날짜/시간'
) ENGINE=InnoDB DEFAULT CHARSET=utf8mb4 COLLATE=utf8mb4_unicode_ci;

--
-- 테이블의 덤프 데이터 `users`
--

INSERT INTO `users` (`u_no`, `u_id`, `u_pw`, `u_nick`, `u_desc`, `u_pic`, `u_badge`, `u_date`) VALUES
(1, 'user01', 'user01', '먹방러01', '맛집 탐방을 좋아합니다.', 'user01.jpg', 'normal', '2026-01-01 09:00:00'),
(2, 'user02', 'user02', '혼밥러02', '혼자 먹는 것도 좋아요.', 'user02.jpg', 'normal', '2026-01-02 09:10:00'),
(3, 'user03', 'user03', '단골러03', '동네 맛집 전문입니다.', 'user03.jpg', 'silver', '2026-01-03 09:20:00'),
(4, 'user04', 'user04', '미식가04', '전국 맛집 도장깨기!', 'user04.jpg', 'gold', '2026-01-04 09:30:00'),
(5, 'user05', 'user05', '야식러05', '야식은 못 참죠.', 'user05.jpg', 'normal', '2026-01-05 09:40:00'),
(6, 'user06', 'user06', '카페덕후06', '카페 투어가 취미.', 'user06.jpg', 'normal', '2026-01-06 09:50:00'),
(7, 'user07', 'user07', '분식러07', '떡볶이는 사랑.', 'user07.jpg', 'silver', '2026-01-07 10:00:00'),
(8, 'user08', 'user08', '고기러08', '고기만 보면 행복.', 'user08.jpg', 'gold', '2026-01-08 10:10:00'),
(9, 'user09', 'user09', '국밥러09', '국밥 순례자.', 'user09.jpg', 'normal', '2026-01-09 10:20:00'),
(10, 'user10', 'user10', '초밥러10', '초밥은 진리.', 'user10.jpg', 'vip', '2026-01-10 10:30:00'),
(11, 'user11', 'user11', '라멘러11', '라멘 맛집 위주로 다닙니다.', 'user11.jpg', 'normal', '2026-01-11 09:00:00'),
(12, 'user12', 'user12', '파스타러12', '파스타랑 와인 좋아해요.', 'user12.jpg', 'silver', '2026-01-12 09:10:00'),
(13, 'user13', 'user13', '치킨러13', '치킨은 진리입니다.', 'user13.jpg', 'gold', '2026-01-13 09:20:00'),
(14, 'user14', 'user14', '피자러14', '피자 맛집만 찾아다녀요.', 'user14.jpg', 'normal', '2026-01-14 09:30:00'),
(15, 'user15', 'user15', '디저트러15', '디저트 투어 중입니다.', 'user15.jpg', 'vip', '2026-01-15 09:40:00'),
(16, 'user16', 'user16', '술안주16', '술집 안주 맛집 위주.', 'user16.jpg', 'normal', '2026-01-16 09:50:00'),
(17, 'user17', 'user17', '분식왕17', '분식은 언제나 옳다.', 'user17.jpg', 'silver', '2026-01-17 10:00:00'),
(18, 'user18', 'user18', '배달러18', '배달 맛집 위주로 리뷰합니다.', 'user18.jpg', 'normal', '2026-01-18 10:10:00'),
(19, 'user19', 'user19', '노포러19', '노포 맛집 탐방이 취미.', 'user19.jpg', 'gold', '2026-01-19 10:20:00'),
(20, 'user20', 'user20', '비건러20', '비건 식당 찾아다녀요.', 'user20.jpg', 'normal', '2026-01-20 10:30:00'),
(21, 'user21', 'user21', '매운맛21', '매운 음식 도전 중.', 'user21.jpg', 'silver', '2026-01-21 10:40:00'),
(22, 'user22', 'user22', '담백러22', '자극 없는 음식 선호.', 'user22.jpg', 'normal', '2026-01-22 10:50:00'),
(23, 'user23', 'user23', '신상러23', '신상 맛집 빠르게 가봅니다.', 'user23.jpg', 'gold', '2026-01-23 11:00:00'),
(24, 'user24', 'user24', '사진러24', '맛집 사진 찍는 게 취미.', 'user24.jpg', 'normal', '2026-01-24 11:10:00'),
(25, 'user25', 'user25', '혼술러25', '혼술하기 좋은 곳 찾는 중.', 'user25.jpg', 'vip', '2026-01-25 11:20:00'),
(26, 'user26', 'user26', '브런치26', '브런치 맛집 좋아해요.', 'user26.jpg', 'normal', '2026-01-26 11:30:00'),
(27, 'user27', 'user27', '모임러27', '맛집 모임 환영합니다.', 'user27.jpg', 'silver', '2026-01-27 11:40:00'),
(28, 'user28', 'user28', '지도저장28', '지도에 맛집 저장 중.', 'user28.jpg', 'normal', '2026-01-28 11:50:00'),
(29, 'user29', 'user29', '원정러29', '멀어도 맛집이면 갑니다.', 'user29.jpg', 'gold', '2026-01-29 12:00:00'),
(30, 'user30', 'user30', '올드테이스트30', '옛날 감성 식당 좋아요.', 'user30.jpg', 'normal', '2026-01-30 12:10:00'),
(36, 'test', '$2b$10$y9wWVX0fuXSefrtPrjDalubSsP4zu0j5qnSb6Lql..4k1PriUCmdO', 'test', 'test test test', 'user_1770625373431.webp', 'normal', '2026-02-09 17:22:53');

--
-- 덤프된 테이블의 인덱스
--

--
-- 테이블의 인덱스 `admin_users`
--
ALTER TABLE `admin_users`
  ADD PRIMARY KEY (`au_no`),
  ADD UNIQUE KEY `au_id` (`au_id`);

--
-- 테이블의 인덱스 `board_community`
--
ALTER TABLE `board_community`
  ADD PRIMARY KEY (`bc_no`),
  ADD KEY `fk_bc_user` (`bc_user_no`);

--
-- 테이블의 인덱스 `board_meetup`
--
ALTER TABLE `board_meetup`
  ADD PRIMARY KEY (`bm_no`),
  ADD KEY `fk_bm_user` (`bm_user_no`);

--
-- 테이블의 인덱스 `board_review`
--
ALTER TABLE `board_review`
  ADD PRIMARY KEY (`br_no`),
  ADD KEY `fk_br_user` (`br_user_no`),
  ADD KEY `fk_review_restaurant` (`br_rt_no`);

--
-- 테이블의 인덱스 `bookmark`
--
ALTER TABLE `bookmark`
  ADD PRIMARY KEY (`bk_no`),
  ADD UNIQUE KEY `uk_user_restaurant` (`bk_user_no`,`bk_rt_no`),
  ADD KEY `fk_bk_restaurant` (`bk_rt_no`);

--
-- 테이블의 인덱스 `comment`
--
ALTER TABLE `comment`
  ADD PRIMARY KEY (`ct_no`),
  ADD KEY `idx_comment_board` (`ct_board_cate`,`ct_board_no`,`ct_date`),
  ADD KEY `idx_comment_user` (`ct_user_no`,`ct_date`);

--
-- 테이블의 인덱스 `heart`
--
ALTER TABLE `heart`
  ADD PRIMARY KEY (`ht_no`),
  ADD UNIQUE KEY `uq_heart` (`ht_user_no`,`ht_board_cate`,`ht_board_no`),
  ADD KEY `idx_heart_board` (`ht_board_cate`,`ht_board_no`),
  ADD KEY `idx_heart_user` (`ht_user_no`,`ht_date`);

--
-- 테이블의 인덱스 `meetup_join`
--
ALTER TABLE `meetup_join`
  ADD PRIMARY KEY (`mj_no`),
  ADD UNIQUE KEY `uniq_meetup_user` (`bm_no`,`u_no`),
  ADD KEY `fk_user` (`u_no`);

--
-- 테이블의 인덱스 `restaurant`
--
ALTER TABLE `restaurant`
  ADD PRIMARY KEY (`rt_no`);

--
-- 테이블의 인덱스 `users`
--
ALTER TABLE `users`
  ADD PRIMARY KEY (`u_no`),
  ADD UNIQUE KEY `u_id` (`u_id`);

--
-- 덤프된 테이블의 AUTO_INCREMENT
--

--
-- 테이블의 AUTO_INCREMENT `admin_users`
--
ALTER TABLE `admin_users`
  MODIFY `au_no` int(10) UNSIGNED NOT NULL AUTO_INCREMENT COMMENT '관리자 번호', AUTO_INCREMENT=2;

--
-- 테이블의 AUTO_INCREMENT `board_community`
--
ALTER TABLE `board_community`
  MODIFY `bc_no` int(10) UNSIGNED NOT NULL AUTO_INCREMENT COMMENT '자유게시판 게시글 번호', AUTO_INCREMENT=16;

--
-- 테이블의 AUTO_INCREMENT `board_meetup`
--
ALTER TABLE `board_meetup`
  MODIFY `bm_no` int(10) UNSIGNED NOT NULL AUTO_INCREMENT COMMENT '탐방 게시글 번호', AUTO_INCREMENT=11;

--
-- 테이블의 AUTO_INCREMENT `board_review`
--
ALTER TABLE `board_review`
  MODIFY `br_no` int(10) UNSIGNED NOT NULL AUTO_INCREMENT COMMENT '리뷰 게시글 번호', AUTO_INCREMENT=53;

--
-- 테이블의 AUTO_INCREMENT `bookmark`
--
ALTER TABLE `bookmark`
  MODIFY `bk_no` int(11) NOT NULL AUTO_INCREMENT COMMENT '북마크 번호', AUTO_INCREMENT=1;

--
-- 테이블의 AUTO_INCREMENT `comment`
--
ALTER TABLE `comment`
  MODIFY `ct_no` int(10) UNSIGNED NOT NULL AUTO_INCREMENT COMMENT '댓글 번호', AUTO_INCREMENT=84;

--
-- 테이블의 AUTO_INCREMENT `heart`
--
ALTER TABLE `heart`
  MODIFY `ht_no` int(10) UNSIGNED NOT NULL AUTO_INCREMENT COMMENT '하트 번호', AUTO_INCREMENT=205;

--
-- 테이블의 AUTO_INCREMENT `meetup_join`
--
ALTER TABLE `meetup_join`
  MODIFY `mj_no` int(10) UNSIGNED NOT NULL AUTO_INCREMENT, AUTO_INCREMENT=1;

--
-- 테이블의 AUTO_INCREMENT `restaurant`
--
ALTER TABLE `restaurant`
  MODIFY `rt_no` int(10) UNSIGNED NOT NULL AUTO_INCREMENT COMMENT '맛집 번호', AUTO_INCREMENT=94;

--
-- 테이블의 AUTO_INCREMENT `users`
--
ALTER TABLE `users`
  MODIFY `u_no` int(10) UNSIGNED NOT NULL AUTO_INCREMENT COMMENT '회원 번호', AUTO_INCREMENT=37;

--
-- 덤프된 테이블의 제약사항
--

--
-- 테이블의 제약사항 `board_community`
--
ALTER TABLE `board_community`
  ADD CONSTRAINT `fk_bc_user` FOREIGN KEY (`bc_user_no`) REFERENCES `users` (`u_no`) ON DELETE CASCADE;

--
-- 테이블의 제약사항 `board_meetup`
--
ALTER TABLE `board_meetup`
  ADD CONSTRAINT `fk_bm_user` FOREIGN KEY (`bm_user_no`) REFERENCES `users` (`u_no`) ON DELETE CASCADE;

--
-- 테이블의 제약사항 `board_review`
--
ALTER TABLE `board_review`
  ADD CONSTRAINT `fk_br_user` FOREIGN KEY (`br_user_no`) REFERENCES `users` (`u_no`) ON DELETE CASCADE,
  ADD CONSTRAINT `fk_review_restaurant` FOREIGN KEY (`br_rt_no`) REFERENCES `restaurant` (`rt_no`) ON DELETE CASCADE ON UPDATE CASCADE,
  ADD CONSTRAINT `fk_review_user` FOREIGN KEY (`br_user_no`) REFERENCES `users` (`u_no`);

--
-- 테이블의 제약사항 `bookmark`
--
ALTER TABLE `bookmark`
  ADD CONSTRAINT `fk_bk_restaurant` FOREIGN KEY (`bk_rt_no`) REFERENCES `restaurant` (`rt_no`) ON DELETE CASCADE ON UPDATE CASCADE,
  ADD CONSTRAINT `fk_bk_user` FOREIGN KEY (`bk_user_no`) REFERENCES `users` (`u_no`) ON DELETE CASCADE ON UPDATE CASCADE;

--
-- 테이블의 제약사항 `comment`
--
ALTER TABLE `comment`
  ADD CONSTRAINT `fk_ct_user` FOREIGN KEY (`ct_user_no`) REFERENCES `users` (`u_no`) ON DELETE CASCADE;

--
-- 테이블의 제약사항 `heart`
--
ALTER TABLE `heart`
  ADD CONSTRAINT `fk_ht_user` FOREIGN KEY (`ht_user_no`) REFERENCES `users` (`u_no`) ON DELETE CASCADE ON UPDATE CASCADE;

--
-- 테이블의 제약사항 `meetup_join`
--
ALTER TABLE `meetup_join`
  ADD CONSTRAINT `fk_meetup` FOREIGN KEY (`bm_no`) REFERENCES `board_meetup` (`bm_no`) ON DELETE CASCADE,
  ADD CONSTRAINT `fk_user` FOREIGN KEY (`u_no`) REFERENCES `users` (`u_no`) ON DELETE CASCADE;
COMMIT;

/*!40101 SET CHARACTER_SET_CLIENT=@OLD_CHARACTER_SET_CLIENT */;
/*!40101 SET CHARACTER_SET_RESULTS=@OLD_CHARACTER_SET_RESULTS */;
/*!40101 SET COLLATION_CONNECTION=@OLD_COLLATION_CONNECTION */;
